timestamp,delta_power,direction
2013-10-09 13:08:44,79.0,ON
2013-10-09 13:10:13,104.0,ON
2013-10-09 13:10:28,68.0,ON
2013-10-09 13:10:44,-109.0,OFF
2013-10-09 13:10:59,65.0,ON
2013-10-09 13:11:45,57.0,ON
2013-10-09 13:12:13,369.0,ON
2013-10-09 13:13:13,54.0,ON
2013-10-09 13:13:44,-56.0,OFF
2013-10-09 13:14:27,-84.0,OFF
2013-10-09 13:15:58,-81.0,OFF
2013-10-09 13:16:14,59.0,ON
2013-10-09 13:16:59,69.0,ON
2013-10-09 13:17:12,-99.0,OFF
2013-10-09 13:17:43,64.0,ON
2013-10-09 13:18:00,-100.0,OFF
2013-10-09 13:18:45,463.0,ON
2013-10-09 13:19:14,119.0,ON
2013-10-09 13:19:44,-121.0,OFF
2013-10-09 13:19:57,97.0,ON
2013-10-09 13:20:12,184.0,ON
2013-10-09 13:20:43,-84.0,OFF
2013-10-09 13:20:58,-214.0,OFF
2013-10-09 13:21:13,-863.0,OFF
2013-10-09 13:21:28,400.0,ON
2013-10-09 13:21:44,830.0,ON
2013-10-09 13:21:59,-652.0,OFF
2013-10-09 13:22:14,-757.0,OFF
2013-10-09 13:22:44,-50.0,OFF
2013-10-09 13:22:59,70.0,ON
2013-10-09 13:23:13,1579.0,ON
2013-10-09 13:23:28,73.0,ON
2013-10-09 13:23:58,-67.0,OFF
2013-10-09 13:24:28,109.0,ON
2013-10-09 13:24:31,-103.0,OFF
2013-10-09 13:24:57,-458.0,OFF
2013-10-09 13:25:12,458.0,ON
2013-10-09 13:25:16,-172.5,OFF
2013-10-09 13:25:29,-400.5,OFF
2013-10-09 13:25:44,358.0,ON
2013-10-09 13:25:58,334.0,ON
2013-10-09 13:26:13,-65.0,OFF
2013-10-09 13:26:28,-405.0,OFF
2013-10-09 13:26:45,423.0,ON
2013-10-09 13:27:00,-300.0,OFF
2013-10-09 13:27:13,565.0,ON
2013-10-09 13:27:27,-173.0,OFF
2013-10-09 13:27:44,137.0,ON
2013-10-09 13:27:59,-123.0,OFF
2013-10-09 13:28:14,-57.0,OFF
2013-10-09 13:28:18,-219.0,OFF
2013-10-09 13:28:27,-59.0,OFF
2013-10-09 13:28:43,-1110.0,OFF
2013-10-09 13:28:58,-200.0,OFF
2013-10-09 13:29:47,-80.0,OFF
2013-10-09 13:30:44,-88.0,OFF
2013-10-09 13:34:15,89.0,ON
2013-10-09 13:35:13,-94.0,OFF
2013-10-09 13:38:00,1378.0,ON
2013-10-09 13:38:13,-1084.0,OFF
2013-10-09 13:38:28,-206.0,OFF
2013-10-09 13:39:47,57.0,ON
2013-10-09 13:39:58,86.0,ON
2013-10-09 13:40:13,82.0,ON
2013-10-09 13:40:45,68.0,ON
2013-10-09 13:41:00,112.5,ON
2013-10-09 13:41:13,331.5,ON
2013-10-09 13:41:29,1216.0,ON
2013-10-09 13:41:44,-1476.0,OFF
2013-10-09 13:41:59,768.0,ON
2013-10-09 13:42:12,603.0,ON
2013-10-09 13:42:18,-50.0,OFF
2013-10-09 13:42:58,-1775.0,OFF
2013-10-09 13:43:13,115.0,ON
2013-10-09 13:43:26,-1178.0,OFF
2013-10-09 13:43:45,-242.0,OFF
2013-10-09 13:44:00,-83.0,OFF
2013-10-09 13:48:45,190.0,ON
2013-10-09 13:48:58,-158.0,OFF
2013-10-09 13:49:15,121.0,ON
2013-10-09 13:49:44,-110.0,OFF
2013-10-09 14:00:45,-53.5,OFF
2013-10-09 14:01:14,1784.0,ON
2013-10-09 14:01:59,89.0,ON
2013-10-09 14:04:59,69.0,ON
2013-10-09 14:06:13,-1858.0,OFF
2013-10-09 14:08:17,2770.0,ON
2013-10-09 14:08:28,-93.0,OFF
2013-10-09 14:08:43,-58.0,OFF
2013-10-09 14:08:58,-85.0,OFF
2013-10-09 14:09:44,-75.0,OFF
2013-10-09 14:09:59,-64.0,OFF
2013-10-09 14:10:27,-2296.0,OFF
2013-10-09 14:16:58,115.0,ON
2013-10-09 14:17:13,232.0,ON
2013-10-09 14:17:30,208.0,ON
2013-10-09 14:17:45,-578.0,OFF
2013-10-09 14:17:59,-50.0,OFF
2013-10-09 14:18:59,-95.0,OFF
2013-10-09 14:35:44,77.0,ON
2013-10-09 14:55:47,58.0,ON
2013-10-09 14:56:02,63.0,ON
2013-10-09 14:56:17,148.0,ON
2013-10-09 14:56:32,74.0,ON
2013-10-09 14:56:47,81.0,ON
2013-10-09 14:57:02,-136.0,OFF
2013-10-09 14:57:16,-87.0,OFF
2013-10-09 14:57:31,88.0,ON
2013-10-09 14:57:46,136.0,ON
2013-10-09 14:58:16,120.0,ON
2013-10-09 14:58:31,155.0,ON
2013-10-09 14:58:45,-275.0,OFF
2013-10-09 14:59:15,-112.0,OFF
2013-10-09 14:59:30,-115.0,OFF
2013-10-09 14:59:58,-61.0,OFF
2013-10-09 15:00:01,-57.0,OFF
2013-10-09 15:00:14,-54.0,OFF
2013-10-09 15:01:43,-61.0,OFF
2013-10-09 15:02:13,81.0,ON
2013-10-09 15:02:28,91.0,ON
2013-10-09 15:02:45,-163.0,OFF
2013-10-09 15:03:14,53.0,ON
2013-10-09 15:03:29,612.0,ON
2013-10-09 15:03:44,132.0,ON
2013-10-09 15:03:59,196.0,ON
2013-10-09 15:04:14,356.0,ON
2013-10-09 15:04:47,-236.0,OFF
2013-10-09 15:05:00,87.0,ON
2013-10-09 15:05:13,93.0,ON
2013-10-09 15:05:31,-186.0,OFF
2013-10-09 15:05:59,169.0,ON
2013-10-09 15:06:16,-227.0,OFF
2013-10-09 15:06:29,-387.0,OFF
2013-10-09 15:06:44,260.0,ON
2013-10-09 15:07:13,-100.0,OFF
2013-10-09 15:07:28,-88.0,OFF
2013-10-09 15:07:32,-244.0,OFF
2013-10-09 15:08:13,83.0,ON
2013-10-09 15:08:28,53.0,ON
2013-10-09 15:08:44,413.0,ON
2013-10-09 15:08:59,-750.0,OFF
2013-10-09 15:09:18,357.0,ON
2013-10-09 15:09:29,-128.0,OFF
2013-10-09 15:09:44,-678.0,OFF
2013-10-09 15:09:58,-208.0,OFF
2013-10-09 15:35:32,128.0,ON
2013-10-09 15:36:15,167.0,ON
2013-10-09 15:36:30,52.0,ON
2013-10-09 15:36:46,125.0,ON
2013-10-09 15:37:01,155.0,ON
2013-10-09 15:37:14,59.0,ON
2013-10-09 15:38:45,276.0,ON
2013-10-09 15:39:18,-113.0,OFF
2013-10-09 15:39:29,-208.0,OFF
2013-10-09 15:39:46,134.0,ON
2013-10-09 15:40:01,274.0,ON
2013-10-09 15:40:16,138.0,ON
2013-10-09 15:43:47,-245.5,OFF
2013-10-09 15:44:00,208.5,ON
2013-10-09 15:45:01,-126.0,OFF
2013-10-09 15:45:16,-174.0,OFF
2013-10-09 15:45:29,-475.0,OFF
2013-10-09 15:45:59,576.0,ON
2013-10-09 15:46:14,-151.0,OFF
2013-10-09 15:46:29,326.0,ON
2013-10-09 15:46:32,-139.0,OFF
2013-10-09 15:46:45,-613.0,OFF
2013-10-09 15:47:00,91.0,ON
2013-10-09 15:47:30,-131.0,OFF
2013-10-09 15:47:46,645.0,ON
2013-10-09 15:47:59,-153.0,OFF
2013-10-09 15:48:16,-392.0,OFF
2013-10-09 15:48:46,593.0,ON
2013-10-09 15:48:59,-562.0,OFF
2013-10-09 15:49:15,658.0,ON
2013-10-09 15:49:28,58.0,ON
2013-10-09 15:49:45,-150.0,OFF
2013-10-09 15:49:58,-555.0,OFF
2013-10-09 15:50:02,173.0,ON
2013-10-09 15:50:13,414.0,ON
2013-10-09 15:50:31,-54.0,OFF
2013-10-09 15:50:46,51.0,ON
2013-10-09 15:50:59,-569.0,OFF
2013-10-09 15:51:14,727.0,ON
2013-10-09 15:51:29,63.0,ON
2013-10-09 15:51:44,-280.0,OFF
2013-10-09 15:51:59,85.0,ON
2013-10-09 15:52:28,77.0,ON
2013-10-09 15:53:17,-506.0,OFF
2013-10-09 15:53:28,519.0,ON
2013-10-09 15:54:14,-103.0,OFF
2013-10-09 15:54:29,-391.0,OFF
2013-10-09 15:54:44,361.0,ON
2013-10-09 15:55:00,249.0,ON
2013-10-09 15:56:59,-57.0,OFF
2013-10-09 15:57:29,-63.0,OFF
2013-10-09 15:57:45,-59.0,OFF
2013-10-09 15:59:16,-63.0,OFF
2013-10-09 16:00:14,-150.0,OFF
2013-10-09 16:00:30,-99.0,OFF
2013-10-09 16:00:43,-78.0,OFF
2013-10-09 16:04:28,435.0,ON
2013-10-09 16:04:46,-415.0,OFF
2013-10-09 16:04:59,-50.0,OFF
2013-10-09 16:05:59,144.0,ON
2013-10-09 16:06:13,160.0,ON
2013-10-09 16:06:28,120.0,ON
2013-10-09 16:08:14,-130.0,OFF
2013-10-09 16:08:27,-143.0,OFF
2013-10-09 16:09:58,286.0,ON
2013-10-09 16:10:16,-315.0,OFF
2013-10-09 16:17:14,86.5,ON
2013-10-09 16:17:58,-89.0,OFF
2013-10-09 16:57:02,163.0,ON
2013-10-09 16:58:33,-163.0,OFF
2013-10-09 16:59:34,55.0,ON
2013-10-09 17:30:34,92.0,ON
2013-10-09 17:59:02,198.0,ON
2013-10-09 17:59:17,-189.0,OFF
2013-10-09 18:22:33,56.0,ON
2013-10-09 18:27:34,101.0,ON
2013-10-09 18:28:37,213.0,ON
2013-10-09 18:29:34,-96.0,OFF
2013-10-09 18:34:25,-127.0,OFF
2013-10-09 21:10:28,167.0,ON
2013-10-09 21:14:27,222.0,ON
2013-10-09 21:15:14,368.0,ON
2013-10-09 21:15:29,-363.0,OFF
2013-10-09 21:15:43,-220.0,OFF
2013-10-09 21:19:59,3120.0,ON
2013-10-09 21:20:59,-62.0,OFF
2013-10-09 21:22:13,65.0,ON
2013-10-09 21:22:28,-63.0,OFF
2013-10-09 21:23:01,75.0,ON
2013-10-09 21:23:27,-3148.0,OFF
2013-10-09 21:34:16,100.0,ON
2013-10-09 21:37:27,54.0,ON
2013-10-09 21:51:14,-63.0,OFF
2013-10-09 22:29:28,-111.0,OFF
2013-10-09 22:32:13,211.0,ON
2013-10-09 22:34:58,50.0,ON
2013-10-09 22:35:59,-215.0,OFF
2013-10-09 22:36:12,58.0,ON
2013-10-09 22:39:58,-57.0,OFF
2013-10-09 22:44:29,64.0,ON
2013-10-09 22:48:28,218.0,ON
2013-10-09 22:48:45,-218.0,OFF
2013-10-09 22:51:32,-174.0,OFF
2013-10-09 22:52:13,-56.0,OFF
2013-10-10 00:12:27,77.0,ON
2013-10-10 00:45:59,200.0,ON
2013-10-10 00:46:14,-200.0,OFF
2013-10-10 02:26:59,50.0,ON
2013-10-10 04:55:31,82.0,ON
2013-10-10 05:12:02,-61.0,OFF
2013-10-10 05:24:31,565.3333333333334,ON
2013-10-10 05:24:46,-528.3333333333334,OFF
2013-10-10 06:13:00,167.0,ON
2013-10-10 06:16:15,3152.0,ON
2013-10-10 06:17:01,60.0,ON
2013-10-10 06:17:31,-60.0,OFF
2013-10-10 06:18:30,-3172.0,OFF
2013-10-10 06:22:00,-166.0,OFF
2013-10-10 06:33:02,143.0,ON
2013-10-10 06:41:47,1289.0,ON
2013-10-10 06:42:16,-87.0,OFF
2013-10-10 06:44:32,-1247.0,OFF
2013-10-10 06:44:47,1264.0,ON
2013-10-10 06:45:46,-633.0,OFF
2013-10-10 06:46:01,642.0,ON
2013-10-10 06:48:01,-1272.0,OFF
2013-10-10 06:48:31,1280.0,ON
2013-10-10 06:49:01,-637.5,OFF
2013-10-10 06:49:15,-637.5,OFF
2013-10-10 06:49:30,1275.0,ON
2013-10-10 06:49:47,-1273.0,OFF
2013-10-10 06:50:00,1297.0,ON
2013-10-10 06:50:46,-1298.0,OFF
2013-10-10 06:51:51,-137.0,OFF
2013-10-10 06:52:17,1185.0,ON
2013-10-10 06:52:21,-1184.0,OFF
2013-10-10 06:52:47,1223.0,ON
2013-10-10 06:53:02,-1190.0,OFF
2013-10-10 06:53:20,500.0,ON
2013-10-10 06:53:31,715.0,ON
2013-10-10 06:54:01,-1194.0,OFF
2013-10-10 06:54:47,1197.0,ON
2013-10-10 06:55:02,-1195.0,OFF
2013-10-10 06:55:17,597.0,ON
2013-10-10 06:55:30,-597.0,OFF
2013-10-10 06:55:45,78.0,ON
2013-10-10 06:56:00,1171.0,ON
2013-10-10 06:56:16,-1235.0,OFF
2013-10-10 06:56:31,617.5,ON
2013-10-10 06:56:46,733.5,ON
2013-10-10 06:57:01,-1309.0,OFF
2013-10-10 06:57:16,1242.0,ON
2013-10-10 06:57:45,-1263.0,OFF
2013-10-10 06:58:00,402.0,ON
2013-10-10 06:58:15,-411.0,OFF
2013-10-10 07:13:16,8626.0,ON
2013-10-10 07:13:31,-8395.0,OFF
2013-10-10 07:17:32,92.0,ON
2013-10-10 07:17:47,85.0,ON
2013-10-10 07:20:15,52.0,ON
2013-10-10 07:21:46,350.0,ON
2013-10-10 07:22:01,-359.0,OFF
2013-10-10 07:22:33,-135.0,OFF
2013-10-10 07:25:31,881.0,ON
2013-10-10 07:27:31,-853.0,OFF
2013-10-10 07:45:01,9683.0,ON
2013-10-10 07:45:16,229.0,ON
2013-10-10 07:45:32,-128.0,OFF
2013-10-10 07:45:45,-162.0,OFF
2013-10-10 07:46:00,161.0,ON
2013-10-10 07:46:30,81.0,ON
2013-10-10 07:46:46,-50.0,OFF
2013-10-10 07:47:16,-216.0,OFF
2013-10-10 07:47:31,-9649.0,OFF
2013-10-10 07:55:16,90.0,ON
2013-10-10 07:55:46,-55.0,OFF
2013-10-10 07:56:01,92.0,ON
2013-10-10 07:56:47,-120.0,OFF
2013-10-10 07:59:47,67.0,ON
2013-10-10 08:00:02,-65.0,OFF
2013-10-10 08:00:17,-75.0,OFF
2013-10-10 08:03:17,160.0,ON
2013-10-10 08:03:32,121.0,ON
2013-10-10 08:03:46,-187.0,OFF
2013-10-10 08:04:31,146.0,ON
2013-10-10 08:04:46,-63.0,OFF
2013-10-10 08:10:03,-258.0,OFF
2013-10-10 08:12:46,-54.0,OFF
2013-10-10 08:24:31,80.0,ON
2013-10-10 08:26:02,412.0,ON
2013-10-10 08:26:16,-417.0,OFF
2013-10-10 08:26:31,410.0,ON
2013-10-10 08:26:46,-63.0,OFF
2013-10-10 08:27:01,135.0,ON
2013-10-10 08:27:16,67.0,ON
2013-10-10 08:27:47,63.0,ON
2013-10-10 08:28:02,-256.0,OFF
2013-10-10 08:28:17,-201.0,OFF
2013-10-10 08:28:47,152.0,ON
2013-10-10 08:29:01,-83.0,OFF
2013-10-10 08:29:16,271.0,ON
2013-10-10 08:29:31,173.0,ON
2013-10-10 08:30:49,302.0,ON
2013-10-10 08:31:48,-869.0,OFF
2013-10-10 08:32:03,62.0,ON
2013-10-10 08:32:18,823.0,ON
2013-10-10 08:32:33,-438.0,OFF
2013-10-10 08:32:48,-272.0,OFF
2013-10-10 08:33:17,588.0,ON
2013-10-10 08:33:32,-561.5,OFF
2013-10-10 08:33:47,1164.5,ON
2013-10-10 08:34:02,-1461.0,OFF
2013-10-10 08:34:17,537.0,ON
2013-10-10 08:34:32,-377.0,OFF
2013-10-10 08:34:46,402.0,ON
2013-10-10 08:35:01,413.0,ON
2013-10-10 08:35:16,610.0,ON
2013-10-10 08:35:31,-1037.0,OFF
2013-10-10 08:35:46,884.0,ON
2013-10-10 08:36:01,593.0,ON
2013-10-10 08:36:15,-1460.0,OFF
2013-10-10 08:37:02,1477.0,ON
2013-10-10 08:37:18,-595.0,OFF
2013-10-10 08:38:01,567.0,ON
2013-10-10 08:38:16,-608.0,OFF
2013-10-10 08:38:31,-651.0,OFF
2013-10-10 08:38:47,1235.0,ON
2013-10-10 08:39:00,-562.0,OFF
2013-10-10 08:39:15,-809.0,OFF
2013-10-10 08:39:30,-74.0,OFF
2013-10-10 08:39:47,50.0,ON
2013-10-10 08:40:02,882.0,ON
2013-10-10 08:40:18,-879.5,OFF
2013-10-10 08:40:48,856.0,ON
2013-10-10 08:41:03,609.0,ON
2013-10-10 08:41:32,-607.0,OFF
2013-10-10 08:41:47,559.0,ON
2013-10-10 08:42:02,-1129.0,OFF
2013-10-10 08:42:17,557.0,ON
2013-10-10 08:42:32,561.0,ON
2013-10-10 08:42:47,-346.5,OFF
2013-10-10 08:43:01,-393.5,OFF
2013-10-10 08:43:16,-819.0,OFF
2013-10-10 08:43:33,650.0,ON
2013-10-10 08:43:46,-235.0,OFF
2013-10-10 08:44:01,-72.0,OFF
2013-10-10 08:44:16,-281.0,OFF
2013-10-10 08:44:32,262.5,ON
2013-10-10 08:44:47,-53.5,OFF
2013-10-10 08:45:02,725.0,ON
2013-10-10 08:45:17,539.0,ON
2013-10-10 08:45:32,-565.0,OFF
2013-10-10 08:45:48,-679.0,OFF
2013-10-10 08:46:01,1241.0,ON
2013-10-10 08:46:31,-607.0,OFF
2013-10-10 08:46:46,489.0,ON
2013-10-10 08:47:01,-649.0,OFF
2013-10-10 08:47:32,-268.0,OFF
2013-10-10 08:47:47,51.0,ON
2013-10-10 08:48:02,285.0,ON
2013-10-10 08:48:17,606.0,ON
2013-10-10 08:48:32,-933.0,OFF
2013-10-10 08:48:46,446.0,ON
2013-10-10 08:49:01,594.0,ON
2013-10-10 08:49:31,-579.0,OFF
2013-10-10 08:49:46,-869.0,OFF
2013-10-10 08:50:02,162.0,ON
2013-10-10 08:50:17,737.0,ON
2013-10-10 08:50:47,-725.0,OFF
2013-10-10 08:51:02,740.0,ON
2013-10-10 08:51:17,-750.0,OFF
2013-10-10 08:51:31,1279.0,ON
2013-10-10 08:51:46,-580.0,OFF
2013-10-10 08:52:01,-891.0,OFF
2013-10-10 08:52:16,894.0,ON
2013-10-10 08:52:46,583.0,ON
2013-10-10 08:53:02,-589.0,OFF
2013-10-10 08:53:17,-698.0,OFF
2013-10-10 08:53:32,-187.0,OFF
2013-10-10 08:53:47,920.0,ON
2013-10-10 09:05:54,-660.0,OFF
2013-10-10 09:13:47,78.5,ON
2013-10-10 09:14:16,145.0,ON
2013-10-10 09:15:01,67.0,ON
2013-10-10 09:15:16,246.0,ON
2013-10-10 09:15:30,70.0,ON
2013-10-10 09:15:47,-441.0,OFF
2013-10-10 09:16:02,-306.0,OFF
2013-10-10 09:16:30,786.0,ON
2013-10-10 09:16:46,-431.0,OFF
2013-10-10 09:17:01,400.0,ON
2013-10-10 09:17:31,-177.0,OFF
2013-10-10 09:17:46,179.0,ON
2013-10-10 09:18:01,-670.0,OFF
2013-10-10 09:18:15,662.0,ON
2013-10-10 09:18:47,-62.0,OFF
2013-10-10 09:19:02,-99.0,OFF
2013-10-10 09:19:17,82.0,ON
2013-10-10 09:20:31,-93.0,OFF
2013-10-10 09:20:46,371.0,ON
2013-10-10 09:22:02,-260.0,OFF
2013-10-10 09:22:17,-351.0,OFF
2013-10-10 09:22:31,-293.0,OFF
2013-10-10 09:22:46,724.0,ON
2013-10-10 09:23:01,115.0,ON
2013-10-10 09:23:16,-65.0,OFF
2013-10-10 09:23:31,-556.0,OFF
2013-10-10 09:23:47,340.0,ON
2013-10-10 09:24:19,211.0,ON
2013-10-10 09:26:03,-139.0,OFF
2013-10-10 09:39:33,-210.0,OFF
2013-10-10 09:39:48,205.0,ON
2013-10-10 09:42:33,-153.0,OFF
2013-10-10 09:42:48,170.0,ON
2013-10-10 09:46:04,-52.0,OFF
2013-10-10 09:46:34,-1120.0,OFF
2013-10-10 09:46:49,1036.0,ON
2013-10-10 09:47:04,76.0,ON
2013-10-10 09:51:03,-55.0,OFF
2013-10-10 09:51:18,-588.0,OFF
2013-10-10 09:51:33,621.0,ON
2013-10-10 09:52:19,51.0,ON
2013-10-10 09:54:03,92.0,ON
2013-10-10 09:56:18,-199.0,OFF
2013-10-10 09:56:35,-57.0,OFF
2013-10-10 09:56:48,253.0,ON
2013-10-10 09:57:19,-76.0,OFF
2013-10-10 09:57:34,69.0,ON
2013-10-10 09:58:17,56.0,ON
2013-10-10 09:59:33,-101.0,OFF
2013-10-10 09:59:48,-328.0,OFF
2013-10-10 10:00:17,424.0,ON
2013-10-10 10:02:18,-105.0,OFF
2013-10-10 10:02:33,80.0,ON
2013-10-10 10:02:48,-95.0,OFF
2013-10-10 10:03:04,-666.0,OFF
2013-10-10 10:03:19,148.0,ON
2013-10-10 10:03:32,418.0,ON
2013-10-10 10:03:47,225.0,ON
2013-10-10 10:04:04,-346.0,OFF
2013-10-10 10:04:17,185.0,ON
2013-10-10 10:04:33,157.0,ON
2013-10-10 10:06:32,62.0,ON
2013-10-10 10:06:49,-91.0,OFF
2013-10-10 10:07:18,-566.0,OFF
2013-10-10 10:07:33,-666.0,OFF
2013-10-10 10:07:46,102.0,ON
2013-10-10 10:08:01,71.0,ON
2013-10-10 10:08:16,947.0,ON
2013-10-10 10:08:31,164.0,ON
2013-10-10 10:09:00,-954.0,OFF
2013-10-10 10:09:15,722.0,ON
2013-10-10 10:09:30,143.0,ON
2013-10-10 10:09:45,-1168.0,OFF
2013-10-10 10:10:00,1222.0,ON
2013-10-10 10:12:47,-513.0,OFF
2013-10-10 10:13:03,505.0,ON
2013-10-10 10:14:01,-346.0,OFF
2013-10-10 10:14:16,368.0,ON
2013-10-10 10:15:00,-863.0,OFF
2013-10-10 10:15:15,932.0,ON
2013-10-10 10:15:47,-62.0,OFF
2013-10-10 10:16:01,68.0,ON
2013-10-10 10:16:16,51.0,ON
2013-10-10 10:16:31,-1065.0,OFF
2013-10-10 10:17:01,-410.0,OFF
2013-10-10 10:17:17,1398.0,ON
2013-10-10 10:17:47,72.0,ON
2013-10-10 10:18:17,83.0,ON
2013-10-10 10:18:30,-482.0,OFF
2013-10-10 10:18:46,-707.0,OFF
2013-10-10 10:19:01,-118.0,OFF
2013-10-10 10:19:16,1478.0,ON
2013-10-10 10:19:31,87.0,ON
2013-10-10 10:20:01,-1310.0,OFF
2013-10-10 10:20:30,1488.0,ON
2013-10-10 10:20:47,-1205.0,OFF
2013-10-10 10:21:02,578.0,ON
2013-10-10 10:21:15,-619.0,OFF
2013-10-10 10:21:31,-180.0,OFF
2013-10-10 10:21:46,1492.0,ON
2013-10-10 10:22:01,-509.0,OFF
2013-10-10 10:22:16,-676.0,OFF
2013-10-10 10:22:31,123.0,ON
2013-10-10 10:22:46,-319.0,OFF
2013-10-10 10:23:30,-79.0,OFF
2013-10-10 10:23:47,-52.5,OFF
2013-10-10 10:24:16,942.0,ON
2013-10-10 10:24:31,483.0,ON
2013-10-10 10:24:46,-816.0,OFF
2013-10-10 10:25:01,-554.0,OFF
2013-10-10 10:25:16,-102.0,OFF
2013-10-10 10:25:31,149.0,ON
2013-10-10 10:25:47,208.0,ON
2013-10-10 10:26:32,-209.0,OFF
2013-10-10 10:26:47,-136.0,OFF
2013-10-10 10:27:31,67.0,ON
2013-10-10 10:27:46,79.0,ON
2013-10-10 10:28:01,-61.0,OFF
2013-10-10 10:28:16,-139.0,OFF
2013-10-10 10:28:31,76.0,ON
2013-10-10 10:29:02,612.0,ON
2013-10-10 10:29:15,352.0,ON
2013-10-10 10:29:30,249.0,ON
2013-10-10 10:29:47,-1073.0,OFF
2013-10-10 10:30:01,1443.0,ON
2013-10-10 10:31:01,-180.0,OFF
2013-10-10 10:31:17,96.0,ON
2013-10-10 10:31:47,-189.0,OFF
2013-10-10 10:32:02,-1407.0,OFF
2013-10-10 10:32:17,-103.0,OFF
2013-10-10 10:32:46,1380.0,ON
2013-10-10 10:33:01,96.0,ON
2013-10-10 10:33:31,-1268.0,OFF
2013-10-10 10:33:46,468.0,ON
2013-10-10 10:34:01,785.0,ON
2013-10-10 10:34:17,-86.0,OFF
2013-10-10 10:34:32,-168.0,OFF
2013-10-10 10:34:47,-444.0,OFF
2013-10-10 10:35:02,252.0,ON
2013-10-10 10:35:17,356.0,ON
2013-10-10 10:37:17,56.0,ON
2013-10-10 10:37:21,-86.0,OFF
2013-10-10 10:37:34,169.0,ON
2013-10-10 10:38:18,-68.0,OFF
2013-10-10 10:38:33,196.0,ON
2013-10-10 10:38:48,-312.0,OFF
2013-10-10 10:39:05,337.0,ON
2013-10-10 10:39:21,-988.0,OFF
2013-10-10 10:39:34,164.0,ON
2013-10-10 10:39:49,926.0,ON
2013-10-10 10:40:04,-53.0,OFF
2013-10-10 10:40:17,-51.0,OFF
2013-10-10 10:40:32,-775.0,OFF
2013-10-10 10:40:47,-423.0,OFF
2013-10-10 10:40:50,250.0,ON
2013-10-10 10:41:03,-635.0,OFF
2013-10-10 10:41:18,74.0,ON
2013-10-10 10:41:33,-327.0,OFF
2013-10-10 10:41:48,-54.0,OFF
2013-10-10 10:42:03,-76.0,OFF
2013-10-10 10:42:18,65.0,ON
2013-10-10 10:43:17,1647.0,ON
2013-10-10 10:43:32,-134.0,OFF
2013-10-10 10:43:48,-515.0,OFF
2013-10-10 10:44:03,1319.0,ON
2013-10-10 10:44:18,128.0,ON
2013-10-10 10:44:48,-1025.0,OFF
2013-10-10 10:45:03,-174.0,OFF
2013-10-10 10:45:17,-55.0,OFF
2013-10-10 10:46:17,70.0,ON
2013-10-10 10:46:32,-296.0,OFF
2013-10-10 10:46:50,912.0,ON
2013-10-10 10:47:03,218.0,ON
2013-10-10 10:47:18,-293.0,OFF
2013-10-10 10:47:33,-1267.5,OFF
2013-10-10 10:48:34,317.0,ON
2013-10-10 10:48:49,643.0,ON
2013-10-10 10:49:04,405.0,ON
2013-10-10 10:49:19,-1358.0,OFF
2013-10-10 10:50:20,1078.0,ON
2013-10-10 10:50:33,116.0,ON
2013-10-10 10:51:04,-62.0,OFF
2013-10-10 10:51:17,-854.0,OFF
2013-10-10 10:51:21,329.0,ON
2013-10-10 10:51:49,427.0,ON
2013-10-10 10:52:18,-142.0,OFF
2013-10-10 10:52:33,-846.0,OFF
2013-10-10 10:52:48,727.0,ON
2013-10-10 10:53:03,527.0,ON
2013-10-10 10:53:47,-82.0,OFF
2013-10-10 10:54:02,-198.0,OFF
2013-10-10 10:54:17,-204.0,OFF
2013-10-10 10:54:32,314.0,ON
2013-10-10 10:54:36,70.0,ON
2013-10-10 10:55:03,-128.0,OFF
2013-10-10 10:55:18,-156.0,OFF
2013-10-10 10:55:33,218.0,ON
2013-10-10 10:55:50,-103.0,OFF
2013-10-10 10:56:05,153.0,ON
2013-10-10 10:56:36,-64.0,OFF
2013-10-10 10:56:49,-63.0,OFF
2013-10-10 10:57:04,-728.0,OFF
2013-10-10 10:57:17,-344.0,OFF
2013-10-10 10:58:03,980.0,ON
2013-10-10 10:58:18,-621.0,OFF
2013-10-10 10:58:48,624.0,ON
2013-10-10 10:59:03,-627.0,OFF
2013-10-10 10:59:21,135.0,ON
2013-10-10 10:59:32,912.0,ON
2013-10-10 10:59:47,80.0,ON
2013-10-10 11:00:04,56.0,ON
2013-10-10 11:00:34,-245.0,OFF
2013-10-10 11:00:48,-760.5,OFF
2013-10-10 11:01:03,795.5,ON
2013-10-10 11:01:18,-593.0,OFF
2013-10-10 11:01:33,-66.0,OFF
2013-10-10 11:01:48,-56.0,OFF
2013-10-10 11:02:04,-1355.0,OFF
2013-10-10 11:02:47,695.0,ON
2013-10-10 11:03:04,-708.0,OFF
2013-10-10 11:03:17,719.0,ON
2013-10-10 11:03:33,1447.0,ON
2013-10-10 11:03:48,-413.0,OFF
2013-10-10 11:04:05,448.0,ON
2013-10-10 11:04:18,-1105.0,OFF
2013-10-10 11:04:22,-203.0,OFF
2013-10-10 11:04:35,-109.0,OFF
2013-10-10 11:04:51,-77.0,OFF
2013-10-10 11:04:55,1059.0,ON
2013-10-10 11:05:08,122.0,ON
2013-10-10 11:05:25,-463.0,OFF
2013-10-10 11:05:28,-459.0,OFF
2013-10-10 11:05:34,-461.0,OFF
2013-10-10 11:05:43,-359.0,OFF
2013-10-10 11:05:49,-112.0,OFF
2013-10-10 11:05:56,52.0,ON
2013-10-10 11:06:07,-64.0,OFF
2013-10-10 11:06:17,-77.0,OFF
2013-10-10 11:06:22,658.0,ON
2013-10-10 11:06:26,-580.0,OFF
2013-10-10 11:06:48,165.0,ON
2013-10-10 11:07:05,-57.0,OFF
2013-10-10 11:07:09,-106.0,OFF
2013-10-10 11:07:18,930.0,ON
2013-10-10 11:07:33,-579.0,OFF
2013-10-10 11:07:40,368.0,ON
2013-10-10 11:07:49,258.0,ON
2013-10-10 11:08:06,-825.0,OFF
2013-10-10 11:08:19,65.0,ON
2013-10-10 11:08:23,763.0,ON
2013-10-10 11:08:36,-77.0,OFF
2013-10-10 11:08:41,-54.0,OFF
2013-10-10 11:08:58,-330.0,OFF
2013-10-10 11:09:09,614.0,ON
2013-10-10 11:09:15,118.0,ON
2013-10-10 11:09:28,56.0,ON
2013-10-10 11:09:33,80.0,ON
2013-10-10 11:10:51,-62.0,OFF
2013-10-10 11:10:57,-91.0,OFF
2013-10-10 11:11:10,-317.0,OFF
2013-10-10 11:11:15,75.0,ON
2013-10-10 11:11:21,-581.0,OFF
2013-10-10 11:11:30,794.0,ON
2013-10-10 11:11:36,88.0,ON
2013-10-10 11:11:41,82.0,ON
2013-10-10 11:13:05,-93.0,OFF
2013-10-10 11:13:16,-148.0,OFF
2013-10-10 11:13:32,-243.0,OFF
2013-10-10 11:13:47,-860.0,OFF
2013-10-10 11:14:04,417.0,ON
2013-10-10 11:14:17,826.0,ON
2013-10-10 11:14:32,86.0,ON
2013-10-10 11:14:48,-1529.0,OFF
2013-10-10 11:15:18,159.0,ON
2013-10-10 11:15:33,1598.0,ON
2013-10-10 11:15:50,78.0,ON
2013-10-10 11:16:04,-72.0,OFF
2013-10-10 11:16:21,-1737.0,OFF
2013-10-10 11:16:34,1642.0,ON
2013-10-10 11:17:06,118.0,ON
2013-10-10 11:17:17,-198.0,OFF
2013-10-10 11:17:20,-198.0,OFF
2013-10-10 11:17:32,431.0,ON
2013-10-10 11:17:50,71.0,ON
2013-10-10 11:18:03,-216.0,OFF
2013-10-10 11:18:18,126.0,ON
2013-10-10 11:18:22,129.0,ON
2013-10-10 11:19:17,68.0,ON
2013-10-10 11:19:32,-96.0,OFF
2013-10-10 11:19:47,-474.0,OFF
2013-10-10 11:19:51,-1150.0,OFF
2013-10-10 11:20:02,148.0,ON
2013-10-10 11:20:17,1657.0,ON
2013-10-10 11:20:48,-918.0,OFF
2013-10-10 11:21:03,-545.0,OFF
2013-10-10 11:21:18,-52.0,OFF
2013-10-10 11:21:33,1650.0,ON
2013-10-10 11:22:17,-753.0,OFF
2013-10-10 11:22:32,-850.0,OFF
2013-10-10 11:23:02,-110.0,OFF
2013-10-10 11:23:18,75.0,ON
2013-10-10 11:23:31,215.0,ON
2013-10-10 11:23:46,-62.0,OFF
2013-10-10 11:24:16,853.0,ON
2013-10-10 11:24:29,-400.0,OFF
2013-10-10 11:24:44,-68.0,OFF
2013-10-10 11:25:00,1276.0,ON
2013-10-10 11:25:13,-376.0,OFF
2013-10-10 11:25:28,-1181.0,OFF
2013-10-10 11:28:13,89.0,ON
2013-10-10 11:28:26,-90.0,OFF
2013-10-10 11:28:32,-128.0,OFF
2013-10-10 11:33:58,-146.0,OFF
2013-10-10 11:52:18,73.0,ON
2013-10-10 11:52:27,115.0,ON
2013-10-10 11:52:44,298.0,ON
2013-10-10 11:52:57,1548.0,ON
2013-10-10 11:53:00,-100.0,OFF
2013-10-10 11:53:26,-637.0,OFF
2013-10-10 11:53:32,-884.0,OFF
2013-10-10 11:53:45,-90.0,OFF
2013-10-10 11:54:13,1858.0,ON
2013-10-10 11:54:28,-1037.0,OFF
2013-10-10 11:54:44,177.0,ON
2013-10-10 11:54:59,-691.0,OFF
2013-10-10 11:55:14,-331.0,OFF
2013-10-10 11:55:27,256.0,ON
2013-10-10 11:55:44,879.0,ON
2013-10-10 11:55:58,-1442.0,OFF
2013-10-10 11:56:28,-140.0,OFF
2013-10-10 11:57:16,-54.0,OFF
2013-10-10 11:59:30,-58.0,OFF
2013-10-10 12:00:46,101.0,ON
2013-10-10 12:01:17,98.0,ON
2013-10-10 12:01:29,-99.0,OFF
2013-10-10 12:02:00,137.0,ON
2013-10-10 12:02:26,1665.0,ON
2013-10-10 12:02:30,-292.0,OFF
2013-10-10 12:02:43,-1335.0,OFF
2013-10-10 12:03:12,543.0,ON
2013-10-10 12:03:27,-1153.0,OFF
2013-10-10 12:03:44,79.0,ON
2013-10-10 12:03:57,-1421.0,OFF
2013-10-10 12:04:12,1514.0,ON
2013-10-10 12:04:17,-64.0,OFF
2013-10-10 12:04:43,-1877.0,OFF
2013-10-10 12:04:47,-98.0,OFF
2013-10-10 12:05:30,79.0,ON
2013-10-10 12:05:44,1794.0,ON
2013-10-10 12:05:59,139.0,ON
2013-10-10 12:06:27,56.0,ON
2013-10-10 12:06:57,-1838.0,OFF
2013-10-10 12:07:13,1821.0,ON
2013-10-10 12:07:26,57.0,ON
2013-10-10 12:07:43,55.5,ON
2013-10-10 12:08:13,54.0,ON
2013-10-10 12:08:28,-569.0,OFF
2013-10-10 12:08:44,123.0,ON
2013-10-10 12:08:59,339.0,ON
2013-10-10 12:09:12,-727.0,OFF
2013-10-10 12:09:27,-975.0,OFF
2013-10-10 12:09:57,116.0,ON
2013-10-10 12:10:00,1312.0,ON
2013-10-10 12:10:13,-662.0,OFF
2013-10-10 12:10:26,140.0,ON
2013-10-10 12:10:32,858.0,ON
2013-10-10 12:10:43,-1011.0,OFF
2013-10-10 12:11:26,1191.0,ON
2013-10-10 12:11:59,-1426.0,OFF
2013-10-10 12:12:14,52.0,ON
2013-10-10 12:13:58,97.0,ON
2013-10-10 12:14:13,-111.0,OFF
2013-10-10 12:15:12,53.0,ON
2013-10-10 12:15:16,93.0,ON
2013-10-10 12:15:30,-92.0,OFF
2013-10-10 12:16:13,133.0,ON
2013-10-10 12:16:59,108.0,ON
2013-10-10 12:17:27,-162.0,OFF
2013-10-10 12:17:44,-67.0,OFF
2013-10-10 12:18:43,-87.0,OFF
2013-10-10 12:20:14,99.5,ON
2013-10-10 12:20:27,1726.0,ON
2013-10-10 12:20:44,84.0,ON
2013-10-10 12:20:59,-76.0,OFF
2013-10-10 12:21:02,76.0,ON
2013-10-10 12:21:12,-72.0,OFF
2013-10-10 12:22:00,-66.0,OFF
2013-10-10 12:22:28,75.0,ON
2013-10-10 12:23:29,-296.0,OFF
2013-10-10 12:23:44,-1195.0,OFF
2013-10-10 12:23:59,1638.0,ON
2013-10-10 12:24:17,-1460.0,OFF
2013-10-10 12:24:28,706.0,ON
2013-10-10 12:24:43,-670.0,OFF
2013-10-10 12:24:58,1262.0,ON
2013-10-10 12:25:13,-170.0,OFF
2013-10-10 12:25:28,-321.0,OFF
2013-10-10 12:25:44,-1255.0,OFF
2013-10-10 12:26:16,53.0,ON
2013-10-10 12:26:44,903.0,ON
2013-10-10 12:27:00,131.0,ON
2013-10-10 12:27:13,-774.0,OFF
2013-10-10 12:27:26,-371.0,OFF
2013-10-10 12:28:27,484.0,ON
2013-10-10 12:28:44,-203.0,OFF
2013-10-10 12:28:59,-136.0,OFF
2013-10-10 12:29:12,-167.0,OFF
2013-10-10 12:29:16,-63.0,OFF
2013-10-10 12:29:27,-56.0,OFF
2013-10-10 12:30:45,-119.0,OFF
2013-10-10 12:31:44,293.0,ON
2013-10-10 12:31:59,1030.0,ON
2013-10-10 12:32:12,-1336.0,OFF
2013-10-10 12:32:27,1288.0,ON
2013-10-10 12:32:43,56.0,ON
2013-10-10 12:32:47,62.0,ON
2013-10-10 12:33:00,-238.0,OFF
2013-10-10 12:33:13,212.0,ON
2013-10-10 12:33:32,-1531.0,OFF
2013-10-10 12:33:45,-209.0,OFF
2013-10-10 12:33:59,-358.0,OFF
2013-10-10 12:34:14,53.5,ON
2013-10-10 12:34:27,722.0,ON
2013-10-10 12:34:59,780.0,ON
2013-10-10 12:35:17,-1163.0,OFF
2013-10-10 12:35:30,-92.0,OFF
2013-10-10 12:35:43,-259.0,OFF
2013-10-10 12:35:58,243.0,ON
2013-10-10 12:36:13,-446.0,OFF
2013-10-10 12:36:28,-770.0,OFF
2013-10-10 12:36:31,-148.0,OFF
2013-10-10 12:36:59,753.0,ON
2013-10-10 12:37:12,719.0,ON
2013-10-10 12:37:16,-111.5,OFF
2013-10-10 12:37:27,-174.5,OFF
2013-10-10 12:37:44,-400.0,OFF
2013-10-10 12:37:59,506.0,ON
2013-10-10 12:38:13,64.0,ON
2013-10-10 12:38:28,71.0,ON
2013-10-10 12:40:31,-59.0,OFF
2013-10-10 12:40:44,-282.0,OFF
2013-10-10 12:41:00,-101.0,OFF
2013-10-10 12:41:15,433.0,ON
2013-10-10 12:41:28,-91.0,OFF
2013-10-10 12:41:58,-51.0,OFF
2013-10-10 12:42:13,71.0,ON
2013-10-10 12:43:01,-61.0,OFF
2013-10-10 12:43:16,-905.0,OFF
2013-10-10 12:43:29,977.0,ON
2013-10-10 12:44:13,-994.0,OFF
2013-10-10 12:44:28,-634.0,OFF
2013-10-10 12:44:45,1577.0,ON
2013-10-10 12:44:58,152.0,ON
2013-10-10 12:46:58,60.0,ON
2013-10-10 12:47:43,-138.0,OFF
2013-10-10 12:47:59,103.0,ON
2013-10-10 12:48:59,-92.0,OFF
2013-10-10 12:49:12,-122.0,OFF
2013-10-10 12:49:17,245.0,ON
2013-10-10 12:49:43,63.0,ON
2013-10-10 12:50:30,93.0,ON
2013-10-10 12:50:44,-572.0,OFF
2013-10-10 12:50:59,575.0,ON
2013-10-10 12:52:28,-1051.0,OFF
2013-10-10 12:52:32,201.0,ON
2013-10-10 12:52:45,-948.0,OFF
2013-10-10 12:52:58,76.0,ON
2013-10-10 12:53:13,1457.0,ON
2013-10-10 12:53:17,302.0,ON
2013-10-10 12:53:29,52.0,ON
2013-10-10 12:53:44,-129.0,OFF
2013-10-10 12:53:59,59.0,ON
2013-10-10 12:54:14,-1427.0,OFF
2013-10-10 12:54:18,-307.0,OFF
2013-10-10 12:54:27,-94.0,OFF
2013-10-10 12:54:58,1245.0,ON
2013-10-10 12:55:13,-1320.0,OFF
2013-10-10 12:59:59,193.0,ON
2013-10-10 13:00:14,-334.0,OFF
2013-10-10 13:00:45,-70.0,OFF
2013-10-10 13:09:26,51.0,ON
2013-10-10 13:09:58,-52.0,OFF
2013-10-10 13:10:16,-106.0,OFF
2013-10-10 13:12:32,63.0,ON
2013-10-10 13:12:43,124.0,ON
2013-10-10 13:12:58,193.0,ON
2013-10-10 13:13:13,-122.0,OFF
2013-10-10 13:13:27,125.0,ON
2013-10-10 13:13:44,-204.0,OFF
2013-10-10 13:13:59,-69.0,OFF
2013-10-10 13:15:30,291.0,ON
2013-10-10 13:15:45,-342.0,OFF
2013-10-10 13:19:57,2274.0,ON
2013-10-10 13:20:01,-66.0,OFF
2013-10-10 13:20:12,-69.0,OFF
2013-10-10 13:20:27,50.0,ON
2013-10-10 13:20:32,-60.0,OFF
2013-10-10 13:23:13,-2153.0,OFF
2013-10-10 13:30:59,181.0,ON
2013-10-10 13:31:12,-196.0,OFF
2013-10-10 13:31:27,-79.0,OFF
2013-10-10 13:32:28,60.5,ON
2013-10-10 13:32:43,524.0,ON
2013-10-10 13:32:58,91.0,ON
2013-10-10 13:33:01,-297.0,OFF
2013-10-10 13:33:12,-252.0,OFF
2013-10-10 13:34:14,354.0,ON
2013-10-10 13:34:28,1110.0,ON
2013-10-10 13:34:43,-1141.0,OFF
2013-10-10 13:34:58,668.0,ON
2013-10-10 13:35:13,-974.0,OFF
2013-10-10 13:35:28,-99.5,OFF
2013-10-10 13:45:12,-132.0,OFF
2013-10-10 13:47:31,755.0,ON
2013-10-10 13:47:44,-779.0,OFF
2013-10-10 14:12:13,115.0,ON
2013-10-10 14:29:14,62.0,ON
2013-10-10 14:29:29,90.0,ON
2013-10-10 14:29:44,104.0,ON
2013-10-10 14:29:59,205.0,ON
2013-10-10 14:30:14,995.0,ON
2013-10-10 14:30:45,-281.0,OFF
2013-10-10 14:30:58,-678.0,OFF
2013-10-10 14:31:13,-104.0,OFF
2013-10-10 14:54:46,-50.0,OFF
2013-10-10 15:28:59,58.0,ON
2013-10-10 15:29:12,128.0,ON
2013-10-10 15:29:27,140.0,ON
2013-10-10 15:29:30,-252.0,OFF
2013-10-10 15:30:15,78.0,ON
2013-10-10 15:30:28,-167.0,OFF
2013-10-10 16:06:17,2777.0,ON
2013-10-10 16:06:30,-59.0,OFF
2013-10-10 16:07:57,77.0,ON
2013-10-10 16:08:01,-91.0,OFF
2013-10-10 16:08:46,89.0,ON
2013-10-10 16:09:13,-95.0,OFF
2013-10-10 16:09:32,-2606.0,OFF
2013-10-10 16:15:28,-94.5,OFF
2013-10-10 16:49:17,90.0,ON
2013-10-10 17:07:59,-53.0,OFF
2013-10-10 17:40:28,51.0,ON
2013-10-10 17:43:59,181.0,ON
2013-10-10 18:12:27,-56.0,OFF
2013-10-10 18:24:43,55.0,ON
2013-10-10 18:45:01,3080.0,ON
2013-10-10 18:45:27,-1756.0,OFF
2013-10-10 18:45:33,-67.0,OFF
2013-10-10 18:46:04,538.0,ON
2013-10-10 18:46:36,1219.0,ON
2013-10-10 18:47:28,-1713.0,OFF
2013-10-10 18:47:59,507.0,ON
2013-10-10 18:48:44,1277.0,ON
2013-10-10 18:49:14,83.0,ON
2013-10-10 18:49:17,-73.0,OFF
2013-10-10 18:49:28,-1659.0,OFF
2013-10-10 18:49:58,503.0,ON
2013-10-10 18:50:44,1251.0,ON
2013-10-10 18:50:59,137.5,ON
2013-10-10 18:51:27,-1686.0,OFF
2013-10-10 18:51:57,418.0,ON
2013-10-10 18:52:43,1340.0,ON
2013-10-10 18:53:11,-53.0,OFF
2013-10-10 18:53:26,-55.0,OFF
2013-10-10 18:53:44,-1785.0,OFF
2013-10-10 18:53:59,535.0,ON
2013-10-10 18:54:27,-554.0,OFF
2013-10-10 18:54:44,-1219.0,OFF
2013-10-10 18:54:58,1799.0,ON
2013-10-10 18:55:17,1404.0,ON
2013-10-10 18:55:28,-800.5,OFF
2013-10-10 18:55:32,-665.5,OFF
2013-10-10 18:55:43,-1751.0,OFF
2013-10-10 18:56:00,1804.0,ON
2013-10-10 18:56:11,-73.0,OFF
2013-10-10 18:56:26,-462.0,OFF
2013-10-10 18:56:44,-1145.0,OFF
2013-10-10 18:56:57,-153.0,OFF
2013-10-10 18:57:12,1281.0,ON
2013-10-10 18:57:29,442.0,ON
2013-10-10 18:58:00,1349.0,ON
2013-10-10 18:58:13,-1284.0,OFF
2013-10-10 18:58:45,-1774.0,OFF
2013-10-10 18:59:11,1283.0,ON
2013-10-10 18:59:18,447.0,ON
2013-10-10 18:59:44,-1736.0,OFF
2013-10-10 19:00:01,1297.0,ON
2013-10-10 19:00:12,-93.0,OFF
2013-10-10 19:00:16,496.0,ON
2013-10-10 19:00:45,-1772.0,OFF
2013-10-10 19:01:13,3028.0,ON
2013-10-10 19:01:17,-1246.0,OFF
2013-10-10 19:01:43,-1769.0,OFF
2013-10-10 19:02:12,1315.0,ON
2013-10-10 19:02:27,465.0,ON
2013-10-10 19:02:31,58.0,ON
2013-10-10 19:02:44,-1835.0,OFF
2013-10-10 19:03:12,1763.0,ON
2013-10-10 19:03:17,-564.0,OFF
2013-10-10 19:03:43,-1269.0,OFF
2013-10-10 19:04:13,1809.0,ON
2013-10-10 19:04:28,1257.0,ON
2013-10-10 19:04:32,-1253.0,OFF
2013-10-10 19:04:43,-1785.0,OFF
2013-10-10 19:04:57,50.0,ON
2013-10-10 19:05:12,1752.0,ON
2013-10-10 19:05:29,-440.0,OFF
2013-10-10 19:05:44,-1342.0,OFF
2013-10-10 19:06:12,1792.0,ON
2013-10-10 19:06:30,-278.0,OFF
2013-10-10 19:06:43,-1503.0,OFF
2013-10-10 19:07:13,1270.0,ON
2013-10-10 19:07:46,-1791.0,OFF
2013-10-10 19:08:12,2532.0,ON
2013-10-10 19:08:16,-377.0,OFF
2013-10-10 19:08:27,-373.0,OFF
2013-10-10 19:08:59,-1791.0,OFF
2013-10-10 19:09:13,1353.0,ON
2013-10-10 19:09:28,466.0,ON
2013-10-10 19:09:47,-1816.0,OFF
2013-10-10 19:10:16,1834.0,ON
2013-10-10 19:10:28,1390.0,ON
2013-10-10 19:10:46,-1452.0,OFF
2013-10-10 19:10:59,55.0,ON
2013-10-10 19:11:14,1807.0,ON
2013-10-10 19:11:29,1104.0,ON
2013-10-10 19:11:45,-3021.0,OFF
2013-10-10 19:11:58,-82.0,OFF
2013-10-10 19:12:17,1979.0,ON
2013-10-10 19:12:32,-54.5,OFF
2013-10-10 19:12:43,-530.0,OFF
2013-10-10 19:12:58,-1447.0,OFF
2013-10-10 19:13:16,-1653.0,OFF
2013-10-10 19:13:27,1816.0,ON
2013-10-10 19:13:46,-476.0,OFF
2013-10-10 19:13:59,-1325.0,OFF
2013-10-10 19:14:16,906.5,ON
2013-10-10 19:14:27,910.5,ON
2013-10-10 19:14:45,1332.0,ON
2013-10-10 19:15:00,-1324.0,OFF
2013-10-10 19:15:15,-1756.0,OFF
2013-10-10 19:15:28,1791.0,ON
2013-10-10 19:15:47,-482.0,OFF
2013-10-10 19:15:59,487.0,ON
2013-10-10 19:16:14,-1855.0,OFF
2013-10-10 19:23:17,-71.0,OFF
2013-10-10 19:25:27,52.0,ON
2013-10-10 19:29:28,3124.0,ON
2013-10-10 19:29:45,-3125.0,OFF
2013-10-10 19:31:30,-52.0,OFF
2013-10-10 19:33:18,-63.0,OFF
2013-10-10 19:41:16,215.0,ON
2013-10-10 19:42:16,-221.0,OFF
2013-10-10 19:43:28,-62.0,OFF
2013-10-10 19:45:32,51.0,ON
2013-10-10 19:53:29,-72.0,OFF
2013-10-10 20:03:28,-67.0,OFF
2013-10-10 20:05:45,53.0,ON
2013-10-10 20:13:43,-59.0,OFF
2013-10-10 20:20:17,57.0,ON
2013-10-10 20:20:46,70.0,ON
2013-10-10 20:23:46,-71.0,OFF
2013-10-10 20:33:43,-64.0,OFF
2013-10-10 20:34:59,94.0,ON
2013-10-10 20:43:59,3017.0,ON
2013-10-10 20:45:28,-56.0,OFF
2013-10-10 20:46:29,-53.0,OFF
2013-10-10 20:46:44,-3026.0,OFF
2013-10-10 20:54:00,-62.0,OFF
2013-10-10 20:55:01,-52.0,OFF
2013-10-10 21:04:01,-58.0,OFF
2013-10-10 21:13:58,-60.0,OFF
2013-10-10 21:16:46,68.0,ON
2013-10-10 21:18:45,54.0,ON
2013-10-10 21:24:13,-67.0,OFF
2013-10-10 21:26:45,52.0,ON
2013-10-10 21:34:18,-65.0,OFF
2013-10-10 21:36:48,50.0,ON
2013-10-10 21:37:16,222.0,ON
2013-10-10 21:39:13,-121.0,OFF
2013-10-10 21:39:59,-204.0,OFF
2013-10-10 21:40:38,58.0,ON
2013-10-10 21:42:03,117.0,ON
2013-10-10 21:43:47,69.0,ON
2013-10-10 21:44:17,-72.0,OFF
2013-10-10 21:47:46,-127.0,OFF
2013-10-10 21:48:01,-179.0,OFF
2013-10-10 21:54:16,-62.0,OFF
2013-10-10 22:11:45,162.0,ON
2013-10-10 22:12:15,-171.0,OFF
2013-10-10 22:16:44,-54.0,OFF
2013-10-10 23:06:30,75.0,ON
2013-10-10 23:08:00,-63.0,OFF
2013-10-11 01:01:17,97.0,ON
2013-10-11 01:02:46,-64.0,OFF
2013-10-11 03:27:37,87.0,ON
2013-10-11 03:43:42,246.0,ON
2013-10-11 03:47:07,51.0,ON
2013-10-11 03:47:17,-221.0,OFF
2013-10-11 03:50:24,181.0,ON
2013-10-11 03:50:54,-63.0,OFF
2013-10-11 03:51:33,115.0,ON
2013-10-11 03:52:06,-119.0,OFF
2013-10-11 03:59:18,-149.0,OFF
2013-10-11 06:08:26,74.0,ON
2013-10-11 06:53:57,68.0,ON
2013-10-11 06:54:12,-68.0,OFF
2013-10-11 07:01:26,77.0,ON
2013-10-11 07:01:30,-75.0,OFF
2013-10-11 07:11:12,75.0,ON
2013-10-11 07:36:46,641.0,ON
2013-10-11 07:37:02,-629.0,OFF
2013-10-11 08:05:58,70.0,ON
2013-10-11 08:36:58,-79.0,OFF
2013-10-11 09:04:12,50.0,ON
2013-10-11 09:30:45,53.0,ON
2013-10-11 09:30:58,-52.0,OFF
2013-10-11 09:58:58,64.0,ON
2013-10-11 09:59:13,57.0,ON
2013-10-11 10:07:28,68.0,ON
2013-10-11 10:57:13,55.0,ON
2013-10-11 11:12:59,-50.0,OFF
2013-10-11 11:40:31,125.0,ON
2013-10-11 11:50:58,-64.0,OFF
2013-10-11 12:16:28,51.0,ON
2013-10-11 12:16:45,50.0,ON
2013-10-11 12:19:13,-69.0,OFF
2013-10-11 12:21:28,65.0,ON
2013-10-11 12:22:13,-53.0,OFF
2013-10-11 12:22:59,80.0,ON
2013-10-11 12:28:29,56.0,ON
2013-10-11 12:28:44,129.0,ON
2013-10-11 12:28:59,443.0,ON
2013-10-11 12:29:14,1164.0,ON
2013-10-11 12:29:27,-730.0,OFF
2013-10-11 12:29:32,-633.0,OFF
2013-10-11 12:29:45,906.0,ON
2013-10-11 12:30:00,-628.0,OFF
2013-10-11 12:30:13,256.0,ON
2013-10-11 12:30:17,-734.0,OFF
2013-10-11 12:30:28,-89.0,OFF
2013-10-11 12:30:58,54.0,ON
2013-10-11 12:31:14,90.0,ON
2013-10-11 12:31:27,151.0,ON
2013-10-11 12:31:44,-131.0,OFF
2013-10-11 12:31:59,-93.0,OFF
2013-10-11 12:32:28,57.0,ON
2013-10-11 12:32:45,76.0,ON
2013-10-11 12:33:00,88.0,ON
2013-10-11 12:33:17,113.0,ON
2013-10-11 12:33:28,-215.0,OFF
2013-10-11 12:33:45,-65.0,OFF
2013-10-11 12:34:29,53.0,ON
2013-10-11 12:34:59,51.0,ON
2013-10-11 12:35:12,906.0,ON
2013-10-11 12:35:15,-95.0,OFF
2013-10-11 12:35:30,-445.0,OFF
2013-10-11 12:35:45,-360.0,OFF
2013-10-11 12:36:00,145.0,ON
2013-10-11 12:36:13,-71.0,OFF
2013-10-11 12:36:28,857.0,ON
2013-10-11 12:36:46,-654.0,OFF
2013-10-11 12:36:59,1395.0,ON
2013-10-11 12:37:14,-1800.0,OFF
2013-10-11 12:37:29,471.5,ON
2013-10-11 12:37:33,423.5,ON
2013-10-11 12:37:44,974.0,ON
2013-10-11 12:37:59,-73.0,OFF
2013-10-11 12:38:13,-251.0,OFF
2013-10-11 12:38:30,-80.0,OFF
2013-10-11 12:38:45,-750.0,OFF
2013-10-11 12:39:00,1760.0,ON
2013-10-11 12:39:28,-77.0,OFF
2013-10-11 12:39:44,-1346.0,OFF
2013-10-11 12:39:59,-434.0,OFF
2013-10-11 12:40:14,-80.0,OFF
2013-10-11 12:40:45,-59.0,OFF
2013-10-11 12:42:29,255.0,ON
2013-10-11 12:42:46,-119.0,OFF
2013-10-11 12:43:29,1074.0,ON
2013-10-11 12:43:43,-1370.0,OFF
2013-10-11 12:43:58,-92.0,OFF
2013-10-11 12:58:45,97.0,ON
2013-10-11 12:59:00,70.0,ON
2013-10-11 12:59:29,70.5,ON
2013-10-11 12:59:44,811.0,ON
2013-10-11 12:59:59,121.0,ON
2013-10-11 13:00:16,-889.0,OFF
2013-10-11 13:00:29,-109.0,OFF
2013-10-11 13:00:45,168.0,ON
2013-10-11 13:01:00,411.5,ON
2013-10-11 13:01:15,516.5,ON
2013-10-11 13:01:28,-1091.0,OFF
2013-10-11 13:01:43,-535.0,OFF
2013-10-11 13:01:59,59.0,ON
2013-10-11 13:02:12,-126.0,OFF
2013-10-11 13:02:27,131.0,ON
2013-10-11 13:02:33,-69.0,OFF
2013-10-11 13:02:44,-199.0,OFF
2013-10-11 13:02:59,-158.0,OFF
2013-10-11 13:03:02,-54.0,OFF
2013-10-11 13:03:45,-61.0,OFF
2013-10-11 13:04:00,-72.0,OFF
2013-10-11 13:04:15,54.0,ON
2013-10-11 13:13:44,-52.0,OFF
2013-10-11 13:16:44,-78.0,OFF
2013-10-11 13:49:13,65.0,ON
2013-10-11 13:49:28,-133.0,OFF
2013-10-11 14:16:45,59.0,ON
2013-10-11 16:27:44,88.0,ON
2013-10-11 16:41:57,-57.0,OFF
2013-10-11 16:55:13,50.0,ON
2013-10-11 19:09:43,76.0,ON
2013-10-11 19:35:28,-66.0,OFF
2013-10-11 20:30:19,202.5,ON
2013-10-11 20:30:34,-381.0,OFF
2013-10-11 21:51:59,90.0,ON
2013-10-11 21:57:29,78.0,ON
2013-10-11 22:19:14,-50.0,OFF
2013-10-12 00:36:11,83.0,ON
2013-10-12 00:51:29,495.0,ON
2013-10-12 00:51:33,-420.0,OFF
2013-10-12 03:31:46,50.0,ON
2013-10-12 03:47:13,77.0,ON
2013-10-12 03:48:48,-57.0,OFF
2013-10-12 07:30:46,69.0,ON
2013-10-12 07:30:59,-71.0,OFF
2013-10-12 08:21:57,563.0,ON
2013-10-12 08:22:13,-512.0,OFF
2013-10-12 08:58:12,-74.0,OFF
2013-10-12 09:29:34,87.0,ON
2013-10-12 11:11:00,-51.0,OFF
2013-10-12 11:19:12,109.0,ON
2013-10-12 11:19:15,-59.0,OFF
2013-10-12 11:42:58,55.0,ON
2013-10-12 11:46:29,-171.0,OFF
2013-10-12 11:46:59,52.0,ON
2013-10-12 12:07:45,-66.0,OFF
2013-10-12 12:13:43,123.0,ON
2013-10-12 12:39:44,-53.0,OFF
2013-10-12 13:15:00,-66.0,OFF
2013-10-12 13:38:00,70.0,ON
2013-10-12 15:01:49,70.0,ON
2013-10-12 15:19:33,-67.0,OFF
2013-10-12 16:45:14,818.0,ON
2013-10-12 16:45:27,-789.0,OFF
2013-10-12 17:22:45,309.0,ON
2013-10-12 17:22:58,-242.0,OFF
2013-10-12 17:41:58,53.0,ON
2013-10-12 18:38:30,656.0,ON
2013-10-12 18:38:43,-614.0,OFF
2013-10-12 20:11:43,84.0,ON
2013-10-12 20:32:57,928.0,ON
2013-10-12 20:33:01,-882.0,OFF
2013-10-12 20:38:29,-54.0,OFF
2013-10-12 23:06:30,81.0,ON
2013-10-12 23:25:13,57.0,ON
2013-10-12 23:28:32,-58.0,OFF
2013-10-13 01:52:44,530.0,ON
2013-10-13 01:52:57,-511.0,OFF
2013-10-13 02:06:13,87.0,ON
2013-10-13 02:18:12,52.0,ON
2013-10-13 02:19:43,-56.0,OFF
2013-10-13 05:07:27,75.0,ON
2013-10-13 08:05:45,439.0,ON
2013-10-13 08:05:58,-412.0,OFF
2013-10-13 10:32:13,-69.0,OFF
2013-10-13 10:59:27,51.0,ON
2013-10-13 11:43:44,60.0,ON
2013-10-13 12:16:32,59.0,ON
2013-10-13 12:42:44,-77.0,OFF
2013-10-13 12:52:28,180.5,ON
2013-10-13 12:52:32,173.5,ON
2013-10-13 12:52:43,-382.0,OFF
2013-10-13 13:10:13,482.0,ON
2013-10-13 13:10:18,365.0,ON
2013-10-13 13:10:31,-500.0,OFF
2013-10-13 13:10:42,-359.0,OFF
2013-10-13 13:11:27,210.0,ON
2013-10-13 13:11:44,-131.0,OFF
2013-10-13 13:11:58,115.0,ON
2013-10-13 13:12:13,433.0,ON
2013-10-13 13:12:28,115.0,ON
2013-10-13 13:12:43,-335.0,OFF
2013-10-13 13:12:47,100.0,ON
2013-10-13 13:12:58,-170.0,OFF
2013-10-13 13:13:13,-228.0,OFF
2013-10-13 13:14:43,79.0,ON
2013-10-13 13:26:58,-137.0,OFF
2013-10-13 13:54:00,111.0,ON
2013-10-13 14:13:43,-62.0,OFF
2013-10-13 16:03:12,100.0,ON
2013-10-13 16:03:28,167.0,ON
2013-10-13 16:05:57,-61.0,OFF
2013-10-13 16:06:12,-105.0,OFF
2013-10-13 16:08:42,-55.0,OFF
2013-10-13 16:17:27,79.0,ON
2013-10-13 16:21:46,-110.0,OFF
2013-10-13 16:52:13,-63.0,OFF
2013-10-13 19:17:27,139.0,ON
2013-10-13 19:17:32,-57.0,OFF
2013-10-13 19:20:45,-60.0,OFF
2013-10-13 20:26:59,904.0,ON
2013-10-13 20:27:12,-864.0,OFF
2013-10-13 22:14:27,622.0,ON
2013-10-13 22:14:32,-545.0,OFF
2013-10-13 22:24:28,69.0,ON
2013-10-13 22:24:46,-69.0,OFF
2013-10-13 23:53:13,89.0,ON
2013-10-14 00:11:26,-87.0,OFF
2013-10-14 00:17:18,67.0,ON
2013-10-14 05:20:31,746.0,ON
2013-10-14 05:20:44,-704.0,OFF
2013-10-14 07:18:43,-103.0,OFF
2013-10-14 07:45:17,115.0,ON
2013-10-14 07:49:59,-50.0,OFF
2013-10-14 07:53:29,50.0,ON
2013-10-14 07:55:59,-57.0,OFF
2013-10-14 08:26:13,84.0,ON
2013-10-14 10:21:15,149.0,ON
2013-10-14 10:21:26,-250.0,OFF
2013-10-14 10:47:59,133.0,ON
2013-10-14 10:52:13,-64.0,OFF
2013-10-14 11:10:47,732.0,ON
2013-10-14 11:10:58,-721.0,OFF
2013-10-14 12:20:16,-53.0,OFF
2013-10-14 12:36:13,69.0,ON
2013-10-14 12:44:43,59.0,ON
2013-10-14 12:44:58,75.0,ON
2013-10-14 12:45:13,199.0,ON
2013-10-14 12:45:27,1370.0,ON
2013-10-14 12:45:31,73.0,ON
2013-10-14 12:45:46,-142.0,OFF
2013-10-14 12:45:59,-594.0,OFF
2013-10-14 12:46:14,-129.0,OFF
2013-10-14 12:46:27,-99.0,OFF
2013-10-14 12:46:30,-156.0,OFF
2013-10-14 12:47:13,106.0,ON
2013-10-14 12:47:28,209.0,ON
2013-10-14 12:47:43,139.0,ON
2013-10-14 12:47:46,-53.0,OFF
2013-10-14 12:47:58,-159.0,OFF
2013-10-14 12:48:27,77.0,ON
2013-10-14 12:49:12,327.0,ON
2013-10-14 12:49:15,417.0,ON
2013-10-14 12:49:27,314.0,ON
2013-10-14 12:49:43,-78.0,OFF
2013-10-14 12:49:47,-192.0,OFF
2013-10-14 12:49:58,-210.0,OFF
2013-10-14 12:50:31,437.0,ON
2013-10-14 12:50:44,-654.0,OFF
2013-10-14 12:50:59,-819.0,OFF
2013-10-14 12:51:12,-169.0,OFF
2013-10-14 12:51:27,-133.0,OFF
2013-10-14 12:52:30,-81.0,OFF
2013-10-14 12:52:43,-83.0,OFF
2013-10-14 13:04:13,105.0,ON
2013-10-14 13:16:12,55.0,ON
2013-10-14 13:16:27,90.0,ON
2013-10-14 13:16:44,68.0,ON
2013-10-14 13:16:59,55.0,ON
2013-10-14 13:17:14,-124.0,OFF
2013-10-14 13:17:27,-78.0,OFF
2013-10-14 13:17:45,-67.5,OFF
2013-10-14 13:18:43,62.0,ON
2013-10-14 13:18:58,114.0,ON
2013-10-14 13:19:01,81.0,ON
2013-10-14 13:19:16,87.0,ON
2013-10-14 13:19:27,377.0,ON
2013-10-14 13:19:44,447.0,ON
2013-10-14 13:20:28,-177.0,OFF
2013-10-14 13:20:32,212.0,ON
2013-10-14 13:20:58,-528.0,OFF
2013-10-14 13:21:13,52.0,ON
2013-10-14 13:21:17,153.0,ON
2013-10-14 13:21:28,264.5,ON
2013-10-14 13:21:44,219.0,ON
2013-10-14 13:21:57,-169.0,OFF
2013-10-14 13:22:01,-143.0,OFF
2013-10-14 13:22:12,-228.0,OFF
2013-10-14 13:22:27,-115.0,OFF
2013-10-14 13:22:44,-399.0,OFF
2013-10-14 13:23:13,-73.0,OFF
2013-10-14 13:23:17,-156.0,OFF
2013-10-14 13:23:28,-83.0,OFF
2013-10-14 13:23:43,-273.0,OFF
2013-10-14 13:23:58,-55.0,OFF
2013-10-14 13:25:31,-59.0,OFF
2013-10-14 13:25:44,-60.0,OFF
2013-10-14 13:25:58,-78.0,OFF
2013-10-14 13:26:02,-51.0,OFF
2013-10-14 13:48:47,147.0,ON
2013-10-14 13:48:58,-137.0,OFF
2013-10-14 15:16:46,-107.0,OFF
2013-10-14 16:25:27,141.0,ON
2013-10-14 16:25:31,-177.0,OFF
2013-10-14 16:45:30,77.0,ON
2013-10-14 16:48:32,52.0,ON
2013-10-14 16:51:58,-61.0,OFF
2013-10-14 19:43:28,77.0,ON
2013-10-14 19:55:13,-58.0,OFF
2013-10-14 22:31:58,-56.0,OFF
2013-10-14 22:41:13,105.0,ON
2013-10-14 22:41:59,-80.0,OFF
2013-10-14 22:44:46,468.0,ON
2013-10-14 22:44:59,-418.0,OFF
2013-10-14 22:51:58,-75.0,OFF
2013-10-14 23:00:13,-54.0,OFF
2013-10-14 23:01:14,54.0,ON
2013-10-14 23:02:12,-72.0,OFF
2013-10-14 23:12:18,-56.0,OFF
2013-10-14 23:22:15,-56.0,OFF
2013-10-14 23:32:27,-52.0,OFF
2013-10-14 23:42:26,-55.0,OFF
2013-10-14 23:52:44,-64.0,OFF
2013-10-15 01:12:13,-54.0,OFF
2013-10-15 01:22:16,-56.0,OFF
2013-10-15 01:31:12,69.0,ON
2013-10-15 01:32:26,-55.0,OFF
2013-10-15 01:40:00,80.0,ON
2013-10-15 01:42:27,-72.0,OFF
2013-10-15 01:45:27,50.0,ON
2013-10-15 01:52:28,-73.0,OFF
2013-10-15 02:59:43,53.0,ON
2013-10-15 03:00:44,-61.0,OFF
2013-10-15 03:10:43,-70.0,OFF
2013-10-15 03:19:44,62.0,ON
2013-10-15 03:20:44,-72.0,OFF
2013-10-15 03:30:45,-68.0,OFF
2013-10-15 03:41:00,-56.0,OFF
2013-10-15 04:10:13,52.0,ON
2013-10-15 04:11:18,-55.0,OFF
2013-10-15 04:21:26,-53.0,OFF
2013-10-15 04:31:27,-57.0,OFF
2013-10-15 04:41:31,-71.0,OFF
2013-10-15 04:44:44,65.0,ON
2013-10-15 04:47:57,63.0,ON
2013-10-15 04:50:31,54.0,ON
2013-10-15 04:51:43,-74.0,OFF
2013-10-15 05:07:57,-55.0,OFF
2013-10-15 05:42:26,-56.0,OFF
2013-10-15 05:52:44,-64.0,OFF
2013-10-15 06:02:39,-65.0,OFF
2013-10-15 06:12:44,-67.0,OFF
2013-10-15 06:22:46,-70.0,OFF
2013-10-15 06:33:06,-66.0,OFF
2013-10-15 07:02:59,-65.0,OFF
2013-10-15 07:12:58,-56.0,OFF
2013-10-15 07:17:36,80.0,ON
2013-10-15 07:50:44,421.0,ON
2013-10-15 07:50:57,-503.0,OFF
2013-10-15 08:17:13,126.0,ON
2013-10-15 08:18:09,84.0,ON
2013-10-15 08:29:44,93.0,ON
2013-10-15 08:30:12,-64.0,OFF
2013-10-15 08:31:58,64.0,ON
2013-10-15 08:32:27,-64.0,OFF
2013-10-15 08:56:43,106.0,ON
2013-10-15 08:56:58,112.0,ON
2013-10-15 08:57:13,-69.0,OFF
2013-10-15 08:57:27,-58.0,OFF
2013-10-15 08:59:58,-77.0,OFF
2013-10-15 09:00:11,-59.0,OFF
2013-10-15 09:05:44,-88.0,OFF
2013-10-15 09:07:26,89.0,ON
2013-10-15 09:10:39,63.0,ON
2013-10-15 09:23:57,75.0,ON
2013-10-15 09:24:15,50.0,ON
2013-10-15 09:24:26,-84.0,OFF
2013-10-15 09:32:43,56.0,ON
2013-10-15 09:32:58,110.0,ON
2013-10-15 09:33:13,237.0,ON
2013-10-15 09:33:17,-133.0,OFF
2013-10-15 09:33:28,201.0,ON
2013-10-15 09:33:43,-160.0,OFF
2013-10-15 09:33:58,-113.0,OFF
2013-10-15 09:34:27,100.0,ON
2013-10-15 09:34:44,-351.0,OFF
2013-10-15 09:35:17,59.0,ON
2013-10-15 09:36:44,222.0,ON
2013-10-15 09:36:57,651.0,ON
2013-10-15 09:37:27,148.0,ON
2013-10-15 09:37:57,-600.0,OFF
2013-10-15 09:38:13,-169.0,OFF
2013-10-15 09:38:28,74.0,ON
2013-10-15 09:38:58,-51.0,OFF
2013-10-15 09:39:13,-68.0,OFF
2013-10-15 09:39:50,68.0,ON
2013-10-15 09:41:45,280.5,ON
2013-10-15 09:42:00,-254.0,OFF
2013-10-15 09:42:13,-65.0,OFF
2013-10-15 09:42:44,-69.0,OFF
2013-10-15 10:05:14,67.0,ON
2013-10-15 10:07:44,438.0,ON
2013-10-15 10:07:59,-473.0,OFF
2013-10-15 10:08:27,254.0,ON
2013-10-15 10:08:44,-220.0,OFF
2013-10-15 10:09:00,73.0,ON
2013-10-15 10:09:13,137.0,ON
2013-10-15 10:09:28,-72.0,OFF
2013-10-15 10:09:45,734.0,ON
2013-10-15 10:10:00,-807.0,OFF
2013-10-15 10:10:18,558.0,ON
2013-10-15 10:10:29,182.0,ON
2013-10-15 10:12:02,51.0,ON
2013-10-15 10:12:45,90.0,ON
2013-10-15 10:13:00,-366.0,OFF
2013-10-15 10:13:16,543.0,ON
2013-10-15 10:13:31,-623.0,OFF
2013-10-15 10:13:46,-481.0,OFF
2013-10-15 10:14:01,-118.0,OFF
2013-10-15 10:14:16,-64.5,OFF
2013-10-15 10:16:16,-85.0,OFF
2013-10-15 10:16:22,168.0,ON
2013-10-15 10:21:59,-61.0,OFF
2013-10-15 10:22:14,-57.0,OFF
2013-10-15 10:25:12,53.0,ON
2013-10-15 10:25:44,-55.0,OFF
2013-10-15 10:27:14,-113.0,OFF
2013-10-15 10:34:43,-90.0,OFF
2013-10-15 10:47:59,-54.0,OFF
2013-10-15 10:55:29,-143.0,OFF
2013-10-15 11:21:59,129.0,ON
2013-10-15 11:43:44,426.0,ON
2013-10-15 11:43:59,-465.0,OFF
2013-10-15 12:02:13,51.0,ON
2013-10-15 12:22:43,-234.0,OFF
2013-10-15 12:30:28,89.0,ON
2013-10-15 12:30:32,79.0,ON
2013-10-15 12:30:45,98.0,ON
2013-10-15 12:30:58,-171.0,OFF
2013-10-15 12:31:14,-121.0,OFF
2013-10-15 12:31:27,-73.0,OFF
2013-10-15 12:31:44,-56.0,OFF
2013-10-15 12:33:15,72.0,ON
2013-10-15 12:39:00,-295.0,OFF
2013-10-15 12:39:13,226.0,ON
2013-10-15 12:40:32,60.0,ON
2013-10-15 12:40:44,-54.0,OFF
2013-10-15 12:41:32,-76.0,OFF
2013-10-15 12:43:45,53.0,ON
2013-10-15 12:44:47,59.0,ON
2013-10-15 12:48:16,65.0,ON
2013-10-15 12:48:29,-266.0,OFF
2013-10-15 12:48:46,-70.0,OFF
2013-10-15 13:19:29,-80.0,OFF
2013-10-15 13:32:15,83.5,ON
2013-10-15 13:32:30,-233.0,OFF
2013-10-15 13:36:46,508.0,ON
2013-10-15 13:36:59,949.0,ON
2013-10-15 13:37:15,76.0,ON
2013-10-15 13:37:28,201.0,ON
2013-10-15 13:37:58,71.0,ON
2013-10-15 13:40:00,-59.0,OFF
2013-10-15 13:40:15,-172.0,OFF
2013-10-15 13:40:28,110.0,ON
2013-10-15 13:40:45,148.0,ON
2013-10-15 13:41:00,-93.0,OFF
2013-10-15 13:42:14,-60.0,OFF
2013-10-15 13:42:29,-101.0,OFF
2013-10-15 13:42:45,-78.0,OFF
2013-10-15 13:43:15,-340.0,OFF
2013-10-15 13:43:30,-105.0,OFF
2013-10-15 13:43:45,76.0,ON
2013-10-15 13:44:00,-174.0,OFF
2013-10-15 13:44:14,-236.0,OFF
2013-10-15 13:44:29,-81.0,OFF
2013-10-15 13:45:29,61.0,ON
2013-10-15 13:45:45,64.0,ON
2013-10-15 13:46:00,-223.0,OFF
2013-10-15 13:46:59,-51.0,OFF
2013-10-15 13:47:14,-64.0,OFF
2013-10-15 13:47:59,-52.0,OFF
2013-10-15 14:25:13,242.0,ON
2013-10-15 14:25:45,162.0,ON
2013-10-15 14:25:58,-270.0,OFF
2013-10-15 14:26:44,-56.0,OFF
2013-10-15 14:26:59,77.0,ON
2013-10-15 14:27:27,728.0,ON
2013-10-15 14:27:32,123.0,ON
2013-10-15 14:27:44,253.0,ON
2013-10-15 14:29:59,-55.0,OFF
2013-10-15 14:30:29,-62.0,OFF
2013-10-15 14:34:59,-53.0,OFF
2013-10-15 14:35:46,-60.0,OFF
2013-10-15 14:36:01,194.0,ON
2013-10-15 14:36:30,-61.0,OFF
2013-10-15 14:37:15,52.0,ON
2013-10-15 14:37:59,105.0,ON
2013-10-15 15:00:59,-80.0,OFF
2013-10-15 15:24:45,-83.0,OFF
2013-10-15 15:26:45,-168.0,OFF
2013-10-15 15:27:00,-257.0,OFF
2013-10-15 15:27:13,432.0,ON
2013-10-15 15:37:01,-59.0,OFF
2013-10-15 15:37:16,73.0,ON
2013-10-15 15:40:58,-50.0,OFF
2013-10-15 15:42:13,51.0,ON
2013-10-15 15:44:45,-68.0,OFF
2013-10-15 15:45:14,-59.0,OFF
2013-10-15 15:45:27,-70.0,OFF
2013-10-15 15:45:44,-222.5,OFF
2013-10-15 15:46:30,298.0,ON
2013-10-15 15:46:45,145.0,ON
2013-10-15 15:56:13,-104.0,OFF
2013-10-15 15:56:16,-53.0,OFF
2013-10-15 15:56:44,72.0,ON
2013-10-15 15:58:00,56.0,ON
2013-10-15 15:58:30,-55.0,OFF
2013-10-15 15:58:45,-89.0,OFF
2013-10-15 15:59:00,-55.0,OFF
2013-10-15 17:16:58,875.0,ON
2013-10-15 17:17:02,-825.0,OFF
2013-10-15 20:09:28,51.0,ON
2013-10-15 21:39:28,166.0,ON
2013-10-15 21:39:31,-53.0,OFF
2013-10-15 21:39:44,-110.0,OFF
2013-10-15 22:07:28,786.0,ON
2013-10-15 22:07:46,-757.0,OFF
2013-10-15 23:07:44,52.0,ON
2013-10-16 00:08:28,601.0,ON
2013-10-16 00:08:31,-554.0,OFF
2013-10-16 01:10:13,831.5,ON
2013-10-16 01:10:28,-805.0,OFF
2013-10-16 02:10:31,234.0,ON
2013-10-16 02:10:44,-220.0,OFF
2013-10-16 02:12:13,957.0,ON
2013-10-16 02:12:29,-903.0,OFF
2013-10-16 04:05:44,-57.0,OFF
2013-10-16 04:15:58,-57.0,OFF
2013-10-16 04:26:00,-75.0,OFF
2013-10-16 04:35:59,-73.0,OFF
2013-10-16 04:46:00,-70.0,OFF
2013-10-16 04:56:12,-55.0,OFF
2013-10-16 05:06:13,-54.0,OFF
2013-10-16 05:15:59,-57.0,OFF
2013-10-16 05:18:29,52.0,ON
2013-10-16 05:26:13,-77.0,OFF
2013-10-16 05:36:13,-77.0,OFF
2013-10-16 05:46:16,-53.0,OFF
2013-10-16 05:50:28,756.0,ON
2013-10-16 05:50:43,-729.0,OFF
2013-10-16 05:56:15,-70.0,OFF
2013-10-16 06:06:29,-66.5,OFF
2013-10-16 06:47:00,-54.0,OFF
2013-10-16 06:57:01,-58.0,OFF
2013-10-16 07:07:15,-55.0,OFF
2013-10-16 07:27:29,-69.0,OFF
2013-10-16 07:37:43,-69.0,OFF
2013-10-16 08:15:03,79.0,ON
2013-10-16 08:21:44,-56.0,OFF
2013-10-16 10:30:44,-59.0,OFF
2013-10-16 11:26:15,-109.0,OFF
2013-10-16 11:48:59,-58.0,OFF
2013-10-16 11:52:14,90.0,ON
