delta_power,delta_power_abs,power_before_mean,power_before_std,steady_state_mean,steady_state_std,steady_state_max,steady_state_min,rise_time_seconds,time_of_day_hour,is_nighttime,direction,label
70.9843997884717,70.9843997884717,558.0483870967741,14.680687335583483,629.0327868852459,8.280433187369596,653.0,617.0,0,13,0,1,Washer_Dryer
11.358011634056083,11.358011634056083,1810.8387096774193,43.11697018900527,1822.1967213114754,107.47074325479332,1947.0,1627.0,28,13,0,0,Fridge
237.42517186673695,237.42517186673695,2249.935483870968,206.11435911226093,2487.3606557377047,199.05795075696636,2727.0,2146.0,0,13,0,1,Freezer
63.48281332628238,63.48281332628238,230.4516129032258,14.280146380382845,293.9344262295082,3.1404291238566766,298.0,286.0,0,14,0,1,Washer_Dryer
-234.26388154415656,234.26388154415656,941.9032258064516,27.300005908069785,707.639344262295,80.0789262304978,819.0,550.0,60,14,0,0,Fridge
30.321523003701714,30.321523003701714,278.61290322580646,9.773015295035062,308.9344262295082,13.280146651372764,331.0,296.0,0,16,0,1,Fridge
51.83500793231099,51.83500793231099,656.9354838709677,9.68825916206817,708.7704918032787,2.465721277996568,713.0,706.0,0,21,0,1,Freezer
-61.16499206768901,61.16499206768901,683.9354838709677,11.47442223344591,622.7704918032787,2.6857242513144124,627.0,620.0,60,21,0,0,Washer_Dryer
51.53675304071919,51.53675304071919,592.741935483871,9.528790556118105,644.2786885245902,2.4774391855367077,649.0,643.0,0,22,1,1,Freezer
58.28344791115808,58.28344791115808,450.2903225806452,11.381838013218243,508.57377049180326,3.0954752806499286,513.0,503.0,0,22,1,1,Washer_Dryer
70.48122686409309,70.48122686409309,190.3548387096774,13.862535571572694,260.8360655737705,3.362441215688648,265.0,257.0,0,0,1,1,Washer_Dryer
47.85298783712321,47.85298783712321,194.03225806451613,8.890008890013336,241.88524590163934,2.114224528093281,245.0,240.0,0,2,1,1,Freezer
63.019037546271846,63.019037546271846,197.16129032258064,14.825871023751125,260.1803278688525,9.797122361049546,277.0,253.0,0,4,1,1,Fridge
154.46095540278512,154.46095540278512,232.78494623655914,101.81732183223839,387.24590163934425,226.97407994974802,781.3333333333334,253.0,0,5,1,1,Freezer
743.9595452141723,743.9595452141723,261.03225806451616,220.79409470831533,1004.9918032786885,542.7908244419398,1548.0,197.0,0,6,1,1,Fridge
-150.88815441565316,150.88815441565316,863.3225806451613,597.1427739436509,712.4344262295082,556.2777069909255,1548.0,197.0,60,6,1,0,Fridge
605.5142781597038,605.5142781597038,539.3709677419355,361.0651134200482,1144.8852459016393,571.892475277205,1548.0,196.0,0,6,1,1,Washer_Dryer
-325.24828133262815,325.24828133262815,1150.8548387096773,403.91261830475963,825.6065573770492,622.7762380044303,1481.0,196.0,60,6,1,0,Washer_Dryer
54.28794288736117,54.28794288736117,371.06451612903226,9.48660629122613,425.3524590163934,2.950062516703505,430.0,422.0,0,7,0,1,Freezer
77.544156530936,77.544156530936,217.19354838709677,15.400041893533297,294.73770491803276,2.379787380868736,298.0,292.0,0,8,0,1,Washer_Dryer
246.2596509783184,246.2596509783184,1073.8387096774193,253.27417249220835,1320.0983606557377,607.2783739746277,1864.0,385.0,0,8,0,1,Freezer
72.20782654680056,72.20782654680056,1302.6774193548388,11.205317478097006,1374.8852459016393,13.297992781689194,1395.0,1357.0,13,9,0,1,Washer_Dryer
-605.8027498677948,605.8027498677948,1660.032258064516,176.81015880900202,1054.2295081967213,493.6311508755846,1668.0,420.0,60,10,0,0,Freezer
71.54257006874673,71.54257006874673,1209.0967741935483,480.277583267476,1280.639344262295,501.015869102862,1668.0,420.0,0,10,0,1,Freezer
-473.65309360126935,473.65309360126935,1756.1612903225807,31.738616619919593,1282.5081967213114,533.5131245792934,1843.0,368.0,60,10,0,1,Fridge
46.489687995769486,46.489687995769486,688.8709677419355,15.928469136494508,735.360655737705,72.73537259291044,821.0,621.0,0,10,0,1,Freezer
12.166049709148638,12.166049709148638,712.1290322580645,39.121811423197904,724.2950819672132,74.31562066894037,821.0,621.0,0,10,0,1,Freezer
-24.53807509254358,24.53807509254358,525.6774193548387,32.72958610266272,501.1393442622951,46.962053045299335,548.0,426.0,60,10,0,0,Washer_Dryer
1005.0502379693285,1005.0502379693285,372.06451612903226,20.457982115987505,1377.1147540983607,500.2434773308112,1988.0,450.0,33,10,0,1,Computer
810.2617662612374,810.2617662612374,722.9677419354839,382.14268573147456,1533.2295081967213,459.66420328476823,1988.0,772.0,18,10,0,0,Computer
-1214.0052882072978,1214.0052882072978,1808.6774193548388,297.99993144258434,594.672131147541,634.6825051764458,1695.0,209.0,60,10,0,0,Computer
-1565.9854574299313,1565.9854574299313,1795.8870967741937,293.18747442769507,229.9016393442623,39.40450689876002,427.5,209.0,60,10,0,0,Computer
629.7340031729244,629.7340031729244,233.7741935483871,56.568960674807855,863.5081967213115,538.3347045271748,1577.0,219.0,15,10,0,1,Computer
389.641988365944,389.641988365944,396.16129032258067,214.28767218767604,785.8032786885246,601.235916527285,1577.0,211.0,0,10,0,1,Computer
1075.304600740349,1075.304600740349,258.5806451612903,195.05807241153397,1333.8852459016393,222.25579095272604,1438.0,522.0,0,10,0,1,Computer
516.4399788471707,516.4399788471707,719.8387096774194,551.5310868708548,1236.27868852459,300.1659058558306,1438.0,522.0,0,10,0,1,Computer
-385.4288736118456,385.4288736118456,1429.8387096774193,11.792926620630261,1044.4098360655737,271.6643380502969,1376.0,522.0,60,10,0,0,Computer
-65.69962982548918,65.69962982548918,1197.3225806451612,178.32617812999754,1131.622950819672,520.3925814208097,1603.0,312.0,60,10,0,0,Computer
-228.43310417768362,228.43310417768362,1582.5806451612902,16.83206106125725,1354.1475409836066,160.53139216007708,1511.0,1109.0,60,10,0,0,Computer
-189.62771020624018,189.62771020624018,1543.7096774193549,58.95432896086432,1354.0819672131147,160.48377852418264,1512.0,1109.0,60,10,0,0,Computer
-30.684822845055578,30.684822845055578,1402.225806451613,112.97159220424085,1371.5409836065573,158.89300108044324,1512.0,1109.0,60,10,0,0,Computer
177.71866737176106,177.71866737176106,1217.8387096774193,108.87518749289438,1395.5573770491803,122.32777343271422,1512.0,1068.0,0,10,0,1,Computer
162.77525118984659,162.77525118984659,1234.2903225806451,130.7654881963349,1397.0655737704917,122.80551953562717,1512.0,1068.0,0,10,0,1,Computer
-143.02802749867783,143.02802749867783,1491.2903225806451,32.42652571418149,1348.2622950819673,93.72422341446637,1446.0,1068.0,60,10,0,0,Computer
-61.161819143310595,61.161819143310595,1435.1290322580646,93.10808841895668,1373.967213114754,114.52684797506578,1537.0,1068.0,60,10,0,0,Computer
-622.113696456901,622.113696456901,1519.0645161290322,21.82954493932625,896.9508196721312,520.5669161670287,1473.0,225.0,60,10,0,0,Computer
-854.1628767847699,854.1628767847699,1506.0645161290322,36.382170985132234,651.9016393442623,457.5854275403313,1410.0,225.0,60,10,0,0,Computer
-475.13590692755156,475.13590692755156,1044.7096774193549,434.3135728593944,569.5737704918033,429.2532453387858,1315.0,309.0,60,10,0,0,Computer
-565.9447382337389,565.9447382337389,2485.8709677419356,43.717839177681135,1919.9262295081967,347.69024571766914,2291.0,1495.5,60,11,0,0,Computer
-600.5745637228979,600.5745637228979,1886.9516129032259,399.29290324352775,1286.377049180328,615.446969389847,1698.0,215.0,60,11,0,0,Computer
-1061.9814912744582,1061.9814912744582,1662.1290322580646,36.66764417074348,600.1475409836065,600.0467714010737,1576.0,215.0,60,11,0,0,Computer
814.6641988365943,814.6641988365943,617.516129032258,358.08554573525606,1432.1803278688524,830.4849287855203,2384.0,218.0,29,11,0,0,Computer
1261.6329984135377,1261.6329984135377,639.6129032258065,365.66849079636376,1901.2459016393443,597.9892600969158,2419.0,937.0,16,11,0,1,Computer
367.23426758328924,367.23426758328924,1055.2903225806451,75.20868458202908,1422.5245901639344,692.2694948875853,2106.0,252.0,4,11,0,0,Freezer
319.490216816499,319.490216816499,1058.9032258064517,183.1641076264142,1378.3934426229507,743.0321948764744,2106.0,252.0,0,11,0,1,Freezer
-421.22157588577477,421.22157588577477,1439.483870967742,511.38986243163777,1018.2622950819672,771.7511667551778,2106.0,240.0,60,11,0,1,Computer
-1436.8625066102593,1436.8625066102593,1822.3870967741937,417.2254128900711,385.5245901639344,206.46546172482678,868.0,210.0,60,11,0,0,Computer
-1112.4257006874668,1112.4257006874668,1425.032258064516,622.2846874687376,312.60655737704917,154.40803937279568,868.0,210.0,60,11,0,0,Computer
-780.1105235325224,780.1105235325224,1084.258064516129,638.745070052309,304.1475409836066,155.65901152471852,868.0,210.0,60,11,0,0,Computer
-50.80486515071391,50.80486515071391,382.9032258064516,173.68484002904222,332.0983606557377,157.83553728676284,868.0,210.0,60,11,0,0,Computer
45.20571126388154,45.20571126388154,281.5483870967742,35.33443901698683,326.75409836065575,160.73172843153955,868.0,210.0,5,11,0,0,Computer
125.76679005817033,125.76679005817033,288.7741935483871,113.14053493404249,414.5409836065574,305.9866867349238,1365.0,223.0,0,11,0,1,Computer
97.58276044420938,97.58276044420938,349.5483870967742,205.80117244720734,447.1311475409836,372.91355009840356,1365.0,223.0,52,11,0,0,Computer
749.7715494447382,749.7715494447382,358.06451612903226,164.58289410585192,1107.8360655737704,334.3573527593827,1412.0,587.0,0,11,0,1,Computer
-167.43098889476482,167.43098889476482,1229.7096774193549,246.1085388669516,1062.27868852459,327.8872840447634,1415.0,587.0,60,11,0,0,Computer
347.525647805394,347.525647805394,968.0645161290323,410.2476435426023,1315.5901639344263,232.0486570419503,1639.0,907.0,0,11,0,1,Computer
409.997355896351,409.997355896351,966.8387096774194,409.1003215817357,1376.8360655737704,284.4841636089122,1775.0,907.0,0,11,0,0,Computer
537.025912215759,537.025912215759,1192.5806451612902,243.95092050021705,1729.6065573770493,51.558794493446854,1775.0,1639.0,13,11,0,1,Computer
394.0037017451084,394.0037017451084,1358.225806451613,343.36013257971763,1752.2295081967213,21.449470422851125,1775.0,1695.0,5,11,0,1,Computer
267.1131676361713,267.1131676361713,1487.9032258064517,295.79985968429287,1755.016393442623,14.973856999538325,1775.0,1729.0,0,11,0,1,Computer
-311.2432575356954,311.2432575356954,1700.1612903225807,33.47944321937821,1388.9180327868853,323.2111433249152,1707.0,697.0,60,11,0,0,Computer
503.1337916446323,503.1337916446323,1182.1612903225807,337.26578013728715,1685.295081967213,80.81962308381446,1778.0,1491.0,11,11,0,1,Computer
531.4817556848227,531.4817556848227,1179.3870967741937,334.75291160489854,1710.8688524590164,50.23493983601324,1778.0,1579.0,5,11,0,1,Computer
-589.6562665256479,589.6562665256479,1767.967741935484,21.465451110979462,1178.311475409836,491.2984001935961,1681.0,430.0,60,11,0,0,Computer
-533.2411422527762,533.2411422527762,1599.2903225806451,110.54054868339405,1066.049180327869,485.3958668354971,1759.0,430.0,60,11,0,0,Computer
-193.3046007403491,193.3046007403491,1376.4193548387098,215.98113716920565,1183.1147540983607,574.3524788362588,1759.0,430.0,60,11,0,0,Computer
313.63828662083563,313.63828662083563,813.9354838709677,430.75452680800856,1127.5737704918033,650.4235916953502,1759.0,230.0,0,11,0,1,Computer
322.7154944473824,322.7154944473824,664.6451612903226,305.1549932288068,987.360655737705,748.8928056980047,1759.0,230.0,0,11,0,1,Computer
-587.8873611845584,587.8873611845584,1268.8709677419354,450.27708076512795,680.983606557377,652.9974347015277,1759.0,230.0,60,11,0,1,Computer
-918.7731359069275,918.7731359069275,1670.8387096774193,270.8283708395649,752.0655737704918,772.4392288685771,2030.0,230.0,60,11,0,0,Computer
304.7932310946587,304.7932310946587,1362.3870967741937,803.8660617051141,1667.1803278688524,714.228290025832,2120.0,311.0,0,11,0,1,Computer
-410.12850343733476,410.12850343733476,2022.1612903225807,319.5759791530222,1612.032786885246,686.8742234988177,2086.0,311.0,60,11,0,0,Computer
610.5986250661026,610.5986250661026,1316.516129032258,868.8132469435053,1927.1147540983607,134.4684719380539,2121.0,1690.0,0,11,0,1,Computer
67.65573770491801,67.65573770491801,1951.0,26.70205984563738,2018.655737704918,178.52431069240046,2181.0,1690.0,0,11,0,1,Computer
5.029613960867209,5.029613960867209,1991.8064516129032,72.09827522432545,1996.8360655737704,176.30439400157417,2181.0,1690.0,15,11,0,0,Washer_Dryer
27.206768905341278,27.206768905341278,1979.6129032258063,92.7482892634162,2006.8196721311476,175.5932333734913,2181.0,1690.0,12,11,0,0,Washer_Dryer
-6.204653622422029,6.204653622422029,2136.516129032258,46.63537353250351,2130.311475409836,99.74910876520927,2225.0,1965.0,60,11,0,0,Computer
109.78688524590143,109.78688524590143,2069.0,104.74699677476836,2178.7868852459014,33.680417037252944,2225.0,2091.0,4,11,0,1,Computer
120.59227921734555,120.59227921734555,2066.1290322580644,104.03612896024275,2186.72131147541,25.123780996989673,2225.0,2148.0,0,11,0,1,Computer
407.07139079851925,407.07139079851925,730.3548387096774,60.09356503935996,1137.4262295081967,349.84536865194184,1782.0,888.0,45,11,0,1,Freezer
329.79164463246957,329.79164463246957,864.2903225806451,114.02023023668129,1194.0819672131147,337.62125205037904,1782.0,888.0,30,11,0,0,Freezer
-114.37070333157055,114.37070333157055,657.3870967741935,27.888680403053417,543.016393442623,21.960185035102878,574.0,512.0,60,11,0,0,Freezer
154.34690639873088,154.34690639873088,519.1612903225806,18.20457227217666,673.5081967213115,55.198919962507624,774.0,613.0,28,12,0,1,Fridge
1054.3476996298252,1054.3476996298252,1469.7096774193549,924.8466969737341,2524.05737704918,43.748533152615124,2603.0,2458.0,0,12,0,1,Washer_Dryer
-104.93151771549441,104.93151771549441,603.6774193548387,17.036014981550494,498.74590163934425,23.411646487524767,517.0,453.0,60,12,0,0,Freezer
335.6224219989422,335.6224219989422,2001.967741935484,87.59051846365098,2337.590163934426,38.50643974245534,2392.0,2301.0,0,12,0,1,Washer_Dryer
-896.3289264939185,896.3289264939185,2594.935483870968,115.24638403116195,1698.6065573770493,872.1447180884704,2602.0,770.0,60,12,0,0,Freezer
-88.41512427287148,88.41512427287148,880.6774193548387,96.60862180184341,792.2622950819672,106.68831576752662,937.0,662.0,60,13,0,0,Freezer
-125.06716023268109,125.06716023268109,516.9032258064516,91.70981584640026,391.8360655737705,30.130372454755598,427.0,348.0,60,13,0,0,Washer_Dryer
-118.1850872554204,118.1850872554204,289.7096774193548,23.258250935079786,171.52459016393442,3.533678712885715,177.0,166.0,60,13,0,0,Fridge
112.73611845584347,112.73611845584347,179.90322580645162,134.4766038731173,292.6393442622951,320.81323916919257,904.0,125.0,0,13,0,1,Freezer
114.56478053939713,114.56478053939713,167.4516129032258,21.792718523515173,282.0163934426229,4.185259065174216,286.0,275.0,0,14,0,1,Fridge
-84.48677948175569,84.48677948175569,252.80645161290323,17.80902272227706,168.31967213114754,5.326062325086928,173.0,157.0,60,16,0,0,Fridge
53.39450026441034,53.39450026441034,542.0645161290323,10.28894385208695,595.4590163934427,1.2051800763344218,597.0,593.0,0,18,0,1,Freezer
1937.3336858804864,1937.3336858804864,691.3548387096774,553.1843302424667,2628.688524590164,892.0794535051912,3681.0,1848.0,0,18,0,1,Freezer
-180.31782125859309,180.31782125859309,3099.1129032258063,640.3357675167697,2918.7950819672133,853.3587335593843,3837.5,2086.0,60,18,0,1,Washer_Dryer
329.53622421998944,329.53622421998944,1510.7096774193549,865.9142064334235,1840.2459016393443,756.2640115668978,2441.0,666.0,0,19,0,1,Fridge
-51.20042305658376,51.20042305658376,617.7741935483871,9.16409543606407,566.5737704918033,2.201961371092014,569.0,563.0,60,19,0,0,Washer_Dryer
81.34849286092015,81.34849286092015,597.258064516129,109.27792327880793,678.6065573770492,94.59409401728429,1186.0,652.0,0,20,0,1,Fridge
48.829719725013206,48.829719725013206,567.6129032258065,9.735424727440293,616.4426229508197,3.0742185465791385,620.0,613.0,0,21,0,1,Freezer
67.68059227921734,67.68059227921734,226.51612903225808,14.32683023268333,294.1967213114754,7.841810318481202,302.0,284.0,0,23,1,1,Washer_Dryer
69.90269698572183,69.90269698572183,240.06451612903226,17.17931990091763,309.9672131147541,13.19086453208527,332.0,299.0,0,1,1,1,Fridge
-63.39450026441037,63.39450026441037,299.93548387096774,11.494739329713594,236.54098360655738,1.555353877116108,238.0,234.0,60,1,1,0,Washer_Dryer
-133.74563722897938,133.74563722897938,502.51612903225805,9.531949670247375,368.7704918032787,82.32119885801448,553.0,327.0,60,3,1,1,Freezer
-20.094658910629335,20.094658910629335,499.2258064516129,10.436186012841265,479.1311475409836,52.87515970341084,553.0,432.0,60,3,1,0,Washer_Dryer
156.9714436805923,156.9714436805923,243.25806451612902,115.2058932931053,400.2295081967213,278.8345622672235,864.0,235.0,0,7,0,1,Freezer
75.00370174510843,75.00370174510843,221.2258064516129,12.433046495581456,296.2295081967213,6.053630983751132,311.0,288.0,15,8,0,1,Washer_Dryer
-74.14066631411953,74.14066631411953,280.4193548387097,18.559407665742615,206.27868852459017,9.529132782404675,218.0,191.0,60,8,0,0,Fridge
41.97673188789,41.97673188789,171.58064516129033,9.563033666322932,213.55737704918033,4.887141598671403,222.0,209.0,0,9,0,1,Fridge
22.367530407191964,22.367530407191964,208.41935483870967,9.397780566170528,230.78688524590163,24.355091701803936,258.0,201.0,0,9,0,1,Freezer
-75.64780539397142,75.64780539397142,255.48387096774192,9.265962686959679,179.8360655737705,9.194527952118863,206.0,172.0,60,11,0,0,Fridge
126.89687995769432,126.89687995769432,155.70967741935485,22.53026638159892,282.60655737704917,6.960073487458281,293.0,274.0,0,11,0,1,Fridge
-93.79058699101,93.79058699101,534.7741935483871,15.622013693117701,440.9836065573771,25.47907102131649,478.0,408.0,60,12,0,0,Freezer
31.590163934426243,31.590163934426243,358.0,14.594519519326424,389.59016393442624,35.87867381847715,433.0,318.0,0,12,0,1,Washer_Dryer
978.1718667371761,978.1718667371761,1171.483870967742,493.8674836409556,2149.655737704918,439.0044375343641,2605.0,1645.0,0,12,0,1,Freezer
-48.53463775780011,48.53463775780011,395.38709677419354,12.93490734241994,346.8524590163934,7.0517989798674074,357.0,338.0,60,13,0,0,Freezer
-44.70386039132734,44.70386039132734,293.06451612903226,18.411835837980178,248.36065573770492,13.194737318195267,263.0,232.0,60,13,0,0,Washer_Dryer
-41.034373347435235,41.034373347435235,243.90322580645162,13.018844901935239,202.86885245901638,60.12694221667912,314.0,163.0,60,13,0,1,Washer_Dryer
-102.52723426758325,102.52723426758325,270.83870967741933,37.686511091895596,168.31147540983608,4.462962333124183,173.0,160.0,60,13,0,0,Fridge
60.117398202009525,60.117398202009525,204.16129032258064,11.081807235866505,264.27868852459017,1.1709134260764629,266.0,262.0,0,14,0,1,Fridge
-58.305129561078786,58.305129561078786,250.38709677419354,10.644802861349254,192.08196721311475,1.5842462136845306,194.0,190.0,60,16,0,0,Washer_Dryer
30.08302485457429,30.08302485457429,186.06451612903226,8.83906286085038,216.14754098360655,9.763599175122819,233.0,210.0,0,16,0,1,Freezer
62.808038075092526,62.808038075092526,199.29032258064515,13.545463074124601,262.0983606557377,7.1477383789857765,272.0,253.0,0,19,0,1,Fridge
-59.22263352723425,59.22263352723425,239.41935483870967,11.684103712732632,180.19672131147541,2.0479231116031316,184.0,178.0,60,19,0,0,Washer_Dryer
-164.66261237440506,164.66261237440506,367.5806451612903,198.3225527927587,202.91803278688525,4.099980007948059,209.0,198.0,60,20,0,0,Washer_Dryer
35.07191961924909,35.07191961924909,204.38709677419354,16.08244885862606,239.45901639344262,14.181647495374442,291.0,231.0,0,21,0,1,Fridge
72.42993125330511,72.42993125330511,237.2258064516129,13.715464939061441,309.655737704918,2.1747432484597606,313.0,307.0,0,21,0,1,Washer_Dryer
-47.47170809095715,47.47170809095715,243.2258064516129,8.97667227658949,195.75409836065575,1.5669049929177585,197.0,193.0,60,22,1,0,Fridge
62.60179799048123,62.60179799048123,182.70967741935485,15.119950503417876,245.31147540983608,6.813078069924435,264.0,238.0,0,0,1,1,Fridge
85.8926493918562,85.8926493918562,242.4516129032258,89.20008920387072,328.344262295082,105.50938113834577,723.0,293.0,0,0,1,1,Washer_Dryer
6.92173453199365,6.92173453199365,293.2258064516129,168.71449447264834,300.1475409836066,4.864278177262516,304.0,293.0,0,0,1,0,Washer_Dryer
48.945795875198314,48.945795875198314,187.19354838709677,9.071638421801984,236.13934426229508,1.9772269039005608,240.5,234.0,0,3,1,1,Freezer
75.20042305658384,75.20042305658384,219.2258064516129,15.250594911717062,294.42622950819674,2.2543218965167227,301.0,291.0,0,3,1,1,Washer_Dryer
-76.18085668958221,76.18085668958221,287.96774193548384,10.038206582744223,211.78688524590163,17.845741559354675,234.0,196.0,60,3,1,0,Fridge
164.5362242199894,164.5362242199894,214.70967741935485,101.01722412486134,379.24590163934425,228.3235026402746,759.0,242.0,0,8,0,1,Freezer
-79.5499735589635,79.5499735589635,254.4516129032258,13.316252500052757,174.9016393442623,4.773904474790654,183.0,167.0,60,8,0,0,Fridge
85.93125330512956,85.93125330512956,168.80645161290323,15.625661276329415,254.7377049180328,2.8615359473789725,261.0,251.0,0,9,0,1,Fridge
-47.27340031729244,47.27340031729244,259.3225806451613,9.339475705392294,212.04918032786884,2.060956327437959,215.0,209.0,60,11,0,0,Washer_Dryer
61.494976203067154,61.494976203067154,246.19354838709677,12.375834934362233,307.6885245901639,4.870116301166251,314.0,301.0,0,11,0,1,Washer_Dryer
-94.81967213114751,94.81967213114751,368.0,30.94834405909305,273.1803278688525,50.11071349080331,354.0,209.0,60,11,0,0,Fridge
65.91909042834479,65.91909042834479,185.06451612903226,13.358980709298066,250.98360655737704,1.2040460024252744,253.0,250.0,0,15,0,1,Fridge
169.59809624537283,169.59809624537283,207.48387096774192,146.71693175811757,377.08196721311475,325.8206712841676,998.0,205.0,0,16,0,1,Freezer
102.76255949233209,102.76255949233209,199.51612903225808,55.39847829904232,302.27868852459017,102.79107145849147,498.0,245.0,0,17,0,1,Fridge
-71.44473823373878,71.44473823373878,320.8709677419355,153.477195251821,249.4262295081967,4.291305226437299,256.0,245.0,60,17,0,0,Fridge
48.593865679534645,48.593865679534645,182.2258064516129,9.436488320766205,230.81967213114754,2.9972665142387735,235.0,225.0,0,17,0,1,Freezer
151.1041776837652,151.1041776837652,221.3548387096774,117.60996227278729,372.4590163934426,253.20825248337198,855.0,241.0,0,18,0,1,Freezer
62.70280274986777,62.70280274986777,197.8709677419355,15.274689163196026,260.57377049180326,11.27602030327107,280.0,252.0,0,20,0,1,Fridge
79.4056054997356,79.4056054997356,271.741935483871,167.09258266839885,351.1475409836066,219.2737889842722,1172.0,290.0,0,20,0,1,Freezer
-70.04019037546271,70.04019037546271,363.5483870967742,316.4392346838676,293.5081967213115,2.9699772772400808,298.0,290.0,60,20,0,0,Freezer
-56.76150185087258,56.76150185087258,276.5483870967742,9.643093243966272,219.78688524590163,10.99865863654649,229.0,201.0,60,20,0,0,Fridge
72.14754098360658,72.14754098360658,189.0,14.049911031746785,261.1475409836066,3.691594351016782,265.0,253.0,0,23,1,1,Washer_Dryer
51.88841882601798,51.88841882601798,240.19354838709677,10.084375223875497,292.08196721311475,1.5736907994394695,295.0,287.0,0,23,1,1,Freezer
-54.64093072448438,54.64093072448438,278.9032258064516,10.5683642339127,224.2622950819672,1.769196044764046,227.0,222.0,60,23,1,0,Fridge
-211.6700158646219,211.6700158646219,401.1290322580645,265.1222035132081,189.45901639344262,4.4965682117655135,197.0,184.0,60,1,1,0,Fridge
74.09413008989952,74.09413008989952,193.74193548387098,15.396899562218112,267.8360655737705,5.480816021569697,276.0,256.0,0,2,1,1,Washer_Dryer
54.10259122157589,54.10259122157589,239.25806451612902,10.082882332400407,293.3606557377049,2.5627640474381423,297.0,289.0,0,2,1,1,Freezer
-56.50290851401374,56.50290851401374,286.3225806451613,10.631359576818616,229.81967213114754,1.1181561715805692,232.0,228.0,60,2,1,0,Fridge
68.55314648334215,68.55314648334215,185.74193548387098,13.314072109202064,254.29508196721312,4.630853997176914,261.0,246.0,0,5,1,1,Washer_Dryer
101.0518244315177,101.0518244315177,194.16129032258064,78.8467275897542,295.21311475409834,169.90321899580542,619.0,206.0,0,8,0,1,Freezer
-75.43310417768379,75.43310417768379,246.58064516129033,13.273467754756446,171.14754098360655,5.918434662346034,180.0,165.0,60,10,0,0,Fridge
51.611845584346895,51.611845584346895,205.32258064516128,12.962476864072427,256.9344262295082,2.7256121786919505,261.0,254.0,0,10,0,1,Fridge
-181.38127974616606,181.38127974616606,379.741935483871,166.6272222141259,198.36065573770492,2.938439420765416,204.0,194.0,60,12,0,0,Freezer
92.82390269698573,92.82390269698573,379.258064516129,18.315690435499075,472.08196721311475,6.349002761503083,482.0,461.0,0,13,0,1,Washer_Dryer
-130.3691168693813,130.3691168693813,297.48387096774195,24.79229849199402,167.11475409836066,2.8988409215623734,173.0,164.0,60,13,0,0,Fridge
111.65044949762029,111.65044949762029,149.67741935483872,20.128565268914382,261.327868852459,4.585198328954483,269.0,258.0,0,13,0,1,Fridge
-54.230565838180866,54.230565838180866,261.93548387096774,11.633100715547188,207.70491803278688,2.8539111309165532,212.0,202.0,60,14,0,0,Washer_Dryer
70.41671073506083,70.41671073506083,241.41935483870967,14.08728550513639,311.8360655737705,2.7457866381594696,315.0,308.0,0,16,0,1,Washer_Dryer
-111.27287149656269,111.27287149656269,265.35483870967744,21.744805336902534,154.08196721311475,3.2725885878878467,158.0,149.0,60,16,0,0,Fridge
66.17874140666314,66.17874140666314,193.90322580645162,24.762006971312157,260.08196721311475,21.946370301234484,327.0,246.0,0,19,0,1,Fridge
-58.031729243786344,58.031729243786344,247.06451612903226,10.776318121606495,189.0327868852459,1.3034213071087708,191.0,187.0,60,19,0,0,Washer_Dryer
196.55790586991012,196.55790586991012,224.03225806451613,162.38790674820746,420.59016393442624,355.9903265094517,1099.0,233.0,0,20,0,1,Freezer
-339.2252776308831,339.2252776308831,575.258064516129,452.509076722367,236.0327868852459,2.4218946654410476,241.0,233.0,60,20,0,0,Freezer
88.58593336858803,88.58593336858803,212.74193548387098,111.77953531898865,301.327868852459,154.933289010838,815.0,249.0,0,22,1,1,Fridge
-40.80539397144369,40.80539397144369,295.8709677419355,231.82575956027605,255.0655737704918,7.400155071481085,270.0,249.0,60,22,1,0,Fridge
3.7414066631411913,3.7414066631411913,253.2258064516129,12.392765839847467,256.9672131147541,32.164145262032974,320.0,234.0,0,22,1,1,Freezer
-46.12638815441568,46.12638815441568,282.2903225806452,28.74044020584595,236.1639344262295,2.6844014098047535,241.0,232.0,60,22,1,0,Washer_Dryer
107.14331041776836,107.14331041776836,210.74193548387098,28.520130600373584,317.88524590163934,1.8357410915462065,320.0,315.0,0,23,1,1,Washer_Dryer
-128.31729243786356,128.31729243786356,309.64516129032256,15.723757793218038,181.327868852459,10.032815011210976,225.0,178.0,60,0,1,0,Washer_Dryer
-271.4521417239556,271.4521417239556,509.4193548387097,373.7796832532544,237.9672131147541,1.825442531869593,240.0,234.0,60,5,1,0,Freezer
-98.24695928080382,98.24695928080382,258.93548387096774,18.271900984610163,160.68852459016392,2.866711144654314,166.0,159.0,60,7,0,0,Fridge
-83.75885774722366,83.75885774722366,362.7096774193548,10.080322575483706,278.95081967213116,17.57785181178121,309.0,265.0,60,7,0,0,Washer_Dryer
86.17979904812273,86.17979904812273,282.96774193548384,14.938727904271149,369.1475409836066,5.746987806882752,383.0,361.0,0,8,0,1,Washer_Dryer
-147.90216816499205,147.90216816499205,304.96774193548384,77.49171304983425,157.0655737704918,2.3300132507421245,161.0,155.0,60,10,0,0,Fridge
129.7741935483871,129.7741935483871,172.2258064516129,23.61314560073033,302.0,2.345207879911715,308.0,299.0,0,10,0,1,Fridge
-57.41195134849286,57.41195134849286,283.8709677419355,12.021486140750572,226.45901639344262,4.734883914422834,231.0,219.0,60,10,0,0,Washer_Dryer
-254.69381279746167,254.69381279746167,479.6774193548387,353.8174093226405,224.98360655737704,2.5396312283393203,230.0,222.0,60,11,0,0,Freezer
-44.54706504494976,44.54706504494976,254.1290322580645,9.11680476001642,209.58196721311475,1.8238702618992497,213.0,207.0,60,12,0,0,Washer_Dryer
-572.2199894235853,572.2199894235853,2278.5806451612902,84.58399146944548,1706.360655737705,669.7477891661131,2731.0,943.0,60,12,0,1,Washer_Dryer
43.39450026441034,43.39450026441034,593.0645161290323,25.094402408865303,636.4590163934427,26.058635018288914,673.0,592.0,0,13,0,1,Freezer
-488.2956107879429,488.2956107879429,1328.967741935484,71.73120374981764,840.672131147541,225.8543572977562,1263.0,584.0,60,13,0,0,Freezer
-509.8847170809096,509.8847170809096,1306.032258064516,44.64264319457182,796.1475409836065,203.7057384288731,1107.0,584.0,60,13,0,0,Freezer
-43.69645690111054,43.69645690111054,232.51612903225808,72.01567929635969,188.81967213114754,6.596737063936261,197.0,178.0,60,13,0,0,Washer_Dryer
-130.47382337387626,130.47382337387626,521.0967741935484,21.97324864270139,390.62295081967216,10.507400462572763,404.0,375.0,60,15,0,0,Washer_Dryer
71.78291909042838,71.78291909042838,187.25806451612902,13.720951720964267,259.0409836065574,2.9725060722775276,262.5,252.0,0,16,0,1,Washer_Dryer
48.78001057641458,48.78001057641458,253.58064516129033,9.225956837634374,302.3606557377049,2.543179026895576,306.0,295.0,0,16,0,1,Freezer
-58.023268112109974,58.023268112109974,291.5806451612903,10.791274850694231,233.55737704918033,1.9452899540851183,236.0,231.0,60,16,0,0,Fridge
-54.258064516129025,54.258064516129025,285.258064516129,10.452966857741025,231.0,1.4719601443879744,233.0,229.0,60,19,0,0,Fridge
99.41935483870967,99.41935483870967,224.58064516129033,31.28021120298304,324.0,36.270166804138086,347.5,261.0,0,22,1,1,Washer_Dryer
-147.19830777366468,147.19830777366468,453.9032258064516,234.37681268116233,306.7049180327869,2.06836700720707,311.0,300.0,60,22,1,0,Freezer
-50.65256478053939,50.65256478053939,281.19354838709677,9.61047815265092,230.54098360655738,2.2254121003520773,233.0,227.0,60,23,1,0,Fridge
-95.00687466948702,95.00687466948702,299.5806451612903,13.134621409461808,204.5737704918033,15.939948783265109,229.0,194.0,60,23,1,0,Freezer
74.63670015864622,74.63670015864622,189.83870967741936,14.348279279396882,264.4754098360656,2.2480106566847735,267.0,257.0,0,1,1,1,Washer_Dryer
51.30460074034903,51.30460074034903,256.5806451612903,11.089857809573536,307.88524590163934,4.461309077896821,315.0,304.0,0,4,1,1,Freezer
-56.721311475409834,56.721311475409834,242.0,10.305338422390601,185.27868852459017,1.2926864474288111,187.0,184.0,60,5,1,0,Washer_Dryer
18.29984135378109,18.29984135378109,229.29032258064515,76.52502577518334,247.59016393442624,206.47125522690237,641.0,138.0,0,7,0,1,Fridge
-252.9936541512427,252.9936541512427,393.38709677419354,214.3956898539637,140.39344262295083,4.013637952965656,148.0,138.0,60,7,0,0,Fridge
167.62506610259123,167.62506610259123,236.1290322580645,22.505913201473476,403.75409836065575,39.47220783357362,529.0,357.0,19,8,0,1,Fridge
-82.84822845055527,82.84822845055527,315.258064516129,16.089267109754633,232.40983606557376,2.5191073100096917,236.0,229.0,60,9,0,0,Washer_Dryer
38.348492860920146,38.348492860920146,338.258064516129,27.98924524638643,376.60655737704917,20.18355658163727,447.0,356.0,26,9,0,1,Washer_Dryer
375.76203067160236,375.76203067160236,602.483870967742,57.860101951599276,978.2459016393443,333.5678169796813,1683.0,722.0,32,10,0,1,Freezer
-90.36753040719196,90.36753040719196,400.5806451612903,16.142643718937713,310.21311475409834,3.4550193154229043,315.0,306.0,60,10,0,0,Washer_Dryer
-60.879693283976735,60.879693283976735,348.83870967741933,9.581568327414006,287.9590163934426,9.790001311698589,299.0,270.0,60,10,0,0,Freezer
60.12004230565839,60.12004230565839,320.3225806451613,76.80771970610515,380.44262295081967,203.58491468264242,734.0,263.0,0,11,0,1,Freezer
98.55367530407193,98.55367530407193,355.7741935483871,12.99925556181162,454.327868852459,20.304943003675575,513.0,425.0,13,12,0,1,Washer_Dryer
-102.73611845584344,102.73611845584344,703.0967741935484,52.47180502499075,600.360655737705,94.36207444146284,660.0,421.0,60,12,0,0,Freezer
59.977260708619724,59.977260708619724,589.6129032258065,146.1733394340101,649.5901639344262,6.914663282185975,660.0,643.0,0,12,0,1,Freezer
-9.795610787942849,9.795610787942849,277.46774193548384,15.071460603776357,267.672131147541,95.17115657443618,442.0,209.0,60,13,0,1,Washer_Dryer
260.21047065044945,260.21047065044945,515.8387096774194,26.968619757282777,776.0491803278688,390.5809957072288,1642.0,485.0,43,14,0,0,Fridge
-78.45055526176623,78.45055526176623,1030.516129032258,16.44966254515461,952.0655737704918,7.249985867708103,962.0,931.0,60,15,0,0,Freezer
74.52035959809626,74.52035959809626,215.74193548387098,156.87998974628886,290.26229508196724,205.88345421939925,1061.0,234.0,0,17,0,1,Freezer
-65.67583289264937,65.67583289264937,301.7741935483871,297.1870016984165,236.0983606557377,2.5541137930326365,240.0,234.0,60,17,0,0,Freezer
48.833421470121635,48.833421470121635,190.83870967741936,9.68881408014262,239.672131147541,1.1792838430647903,242.0,238.0,0,20,0,1,Freezer
226.88524590163934,226.88524590163934,207.0,141.2373888175507,433.88524590163934,348.4392390054377,968.0,209.0,0,22,1,1,Freezer
49.349550502379714,49.349550502379714,191.32258064516128,9.417668135917701,240.672131147541,1.7197026048652506,242.0,238.0,0,23,1,1,Freezer
53.98202009518772,53.98202009518772,214.90322580645162,108.03374622117224,268.88524590163934,121.12488023532514,797.0,236.0,0,0,1,1,Freezer
-13.995240613432031,13.995240613432031,255.29032258064515,180.44836630799907,241.29508196721312,2.4788724741642927,244.0,236.0,60,0,1,0,Freezer
198.39529349550503,198.39529349550503,208.11290322580646,149.381040166717,406.5081967213115,349.20703615242445,1013.0,207.0,0,1,1,1,Freezer
-89.18720253833948,89.18720253833948,279.5806451612903,117.01304035407004,190.39344262295083,2.865185791093893,195.0,187.0,60,2,1,0,Fridge
-445.20412480169216,445.20412480169216,685.5483870967741,484.55793177628607,240.34426229508196,1.9906887074715236,244.0,236.0,60,2,1,0,Freezer
48.73030142781596,48.73030142781596,196.5483870967742,9.369591629939267,245.27868852459017,1.495896025141048,247.0,240.0,0,5,1,1,Freezer
178.92490745637232,178.92490745637232,206.41935483870967,135.5934546585364,385.344262295082,317.6393072467523,937.0,201.0,0,5,1,1,Washer_Dryer
-343.41353781068216,343.41353781068216,547.7741935483871,383.1253676172173,204.36065573770492,2.9042083653739783,208.0,201.0,60,5,1,0,Washer_Dryer
-110.04547858276047,110.04547858276047,265.2258064516129,19.75299079029022,155.18032786885246,2.39101231504783,159.0,152.0,60,11,0,0,Fridge
-56.60761501850874,56.60761501850874,198.93548387096774,15.478879123655277,142.327868852459,6.260248428178683,150.0,133.0,60,11,0,0,Washer_Dryer
79.89053410893709,79.89053410893709,142.32258064516128,15.913070302478177,222.21311475409837,3.8820731321394097,227.0,211.0,0,11,0,1,Fridge
